item,itemLabel
http://www.wikidata.org/entity/Q1367574,Q1367574
http://www.wikidata.org/entity/Q2566668,Q2566668
http://www.wikidata.org/entity/Q1555251,Q1555251
http://www.wikidata.org/entity/Q3593695,Q3593695
http://www.wikidata.org/entity/Q1581341,Q1581341
http://www.wikidata.org/entity/Q1606802,Q1606802
http://www.wikidata.org/entity/Q1618704,Q1618704
http://www.wikidata.org/entity/Q3108300,Q3108300
http://www.wikidata.org/entity/Q1123202,Q1123202
http://www.wikidata.org/entity/Q1707823,Q1707823
http://www.wikidata.org/entity/Q3108319,Q3108319
http://www.wikidata.org/entity/Q3108322,Q3108322
http://www.wikidata.org/entity/Q4084705,Q4084705
http://www.wikidata.org/entity/Q4092875,Q4092875
http://www.wikidata.org/entity/Q4257120,Q4257120
http://www.wikidata.org/entity/Q2032442,Q2032442
http://www.wikidata.org/entity/Q4278776,Q4278776
http://www.wikidata.org/entity/Q4286099,Q4286099
http://www.wikidata.org/entity/Q4430011,Q4430011
http://www.wikidata.org/entity/Q4470360,Q4470360
http://www.wikidata.org/entity/Q7488630,Shani Glacier
http://www.wikidata.org/entity/Q7986618,West Svartisen Ice-cap
http://www.wikidata.org/entity/Q6464272,La Paloma Glacier
http://www.wikidata.org/entity/Q7992240,Wheeler Peak Glacier
http://www.wikidata.org/entity/Q7286863,Ralam Glacier
http://www.wikidata.org/entity/Q4741952,Ambulapcha Glacier
http://www.wikidata.org/entity/Q4782328,Apusiaajik Glacier
http://www.wikidata.org/entity/Q7381523,Russell Glacier
http://www.wikidata.org/entity/Q7401835,Saint Mary's Glacier
http://www.wikidata.org/entity/Q7414044,San Francisco Glacier
http://www.wikidata.org/entity/Q6749591,Maniitsoq ice sheet
http://www.wikidata.org/entity/Q7454985,Sermitsiaq Glacier
http://www.wikidata.org/entity/Q11829297,Kong Oscar Glacier
http://www.wikidata.org/entity/Q11831757,Klondike Glacier
http://www.wikidata.org/entity/Q11898761,Q11898761
http://www.wikidata.org/entity/Q11960171,Q11960171
http://www.wikidata.org/entity/Q6816566,Mendel Glacier
http://www.wikidata.org/entity/Q11830562,Kuskulana Glacier
http://www.wikidata.org/entity/Q11830744,Polychrome Glaciers
http://www.wikidata.org/entity/Q11962132,Q11962132
http://www.wikidata.org/entity/Q11965856,Q11965856
http://www.wikidata.org/entity/Q11965859,Q11965859
http://www.wikidata.org/entity/Q11965892,Q11965892
http://www.wikidata.org/entity/Q11966124,Q11966124
http://www.wikidata.org/entity/Q11966507,Q11966507
http://www.wikidata.org/entity/Q11968823,Q11968823
http://www.wikidata.org/entity/Q11969012,Q11969012
http://www.wikidata.org/entity/Q11969205,Q11969205
http://www.wikidata.org/entity/Q11969600,Q11969600
http://www.wikidata.org/entity/Q11969811,Q11969811
http://www.wikidata.org/entity/Q11970248,Q11970248
http://www.wikidata.org/entity/Q11976476,Q11976476
http://www.wikidata.org/entity/Q11977613,Q11977613
http://www.wikidata.org/entity/Q11979979,Q11979979
http://www.wikidata.org/entity/Q11980021,Q11980021
http://www.wikidata.org/entity/Q11982715,Q11982715
http://www.wikidata.org/entity/Q11983955,Q11983955
http://www.wikidata.org/entity/Q11986550,Q11986550
http://www.wikidata.org/entity/Q11986983,Q11986983
http://www.wikidata.org/entity/Q11994847,Q11994847
http://www.wikidata.org/entity/Q11996347,Q11996347
http://www.wikidata.org/entity/Q11998584,Q11998584
http://www.wikidata.org/entity/Q7881562,Umiamako Glacier
http://www.wikidata.org/entity/Q7898266,Upernavik Glacier
http://www.wikidata.org/entity/Q12001231,Q12001231
http://www.wikidata.org/entity/Q12008237,Q12008237
http://www.wikidata.org/entity/Q7069732,Nunatakassaup Sermia
http://www.wikidata.org/entity/Q7069734,Nunatakassaup Sermia
http://www.wikidata.org/entity/Q12010141,Q12010141
http://www.wikidata.org/entity/Q12010345,Q12010345
http://www.wikidata.org/entity/Q12010734,Q12010734
http://www.wikidata.org/entity/Q12718570,Q12718570
http://www.wikidata.org/entity/Q12719006,Q12719006
http://www.wikidata.org/entity/Q12719452,Q12719452
http://www.wikidata.org/entity/Q7968304,Wapta Glacier
http://www.wikidata.org/entity/Q7164426,Penny Royal Glacier
http://www.wikidata.org/entity/Q22227085,Q22227085
http://www.wikidata.org/entity/Q22343129,Q22343129
http://www.wikidata.org/entity/Q13165279,Q13165279
http://www.wikidata.org/entity/Q13165848,Q13165848
http://www.wikidata.org/entity/Q13165942,Q13165942
http://www.wikidata.org/entity/Q13166117,Q13166117
http://www.wikidata.org/entity/Q13166218,Q13166218
http://www.wikidata.org/entity/Q13166384,Q13166384
http://www.wikidata.org/entity/Q13166533,Q13166533
http://www.wikidata.org/entity/Q13166921,Q13166921
http://www.wikidata.org/entity/Q13166937,Q13166937
http://www.wikidata.org/entity/Q13167083,Q13167083
http://www.wikidata.org/entity/Q13167493,Q13167493
http://www.wikidata.org/entity/Q13167576,Q13167576
http://www.wikidata.org/entity/Q13168072,Q13168072
http://www.wikidata.org/entity/Q13168099,Q13168099
http://www.wikidata.org/entity/Q13168102,Q13168102
http://www.wikidata.org/entity/Q13168146,Q13168146
http://www.wikidata.org/entity/Q13168392,Q13168392
http://www.wikidata.org/entity/Q13168491,Q13168491
http://www.wikidata.org/entity/Q13170344,Q13170344
http://www.wikidata.org/entity/Q13171120,Q13171120
http://www.wikidata.org/entity/Q13171572,Q13171572
http://www.wikidata.org/entity/Q13171573,Q13171573
http://www.wikidata.org/entity/Q13171686,Q13171686
http://www.wikidata.org/entity/Q13171781,Q13171781
http://www.wikidata.org/entity/Q14713875,Queest-alb Glacier
http://www.wikidata.org/entity/Q14713916,Table Mountain Glacier
http://www.wikidata.org/entity/Q15111655,Q15111655
http://www.wikidata.org/entity/Q15132540,Q15132540
http://www.wikidata.org/entity/Q15215163,Dry Creek Glacier
http://www.wikidata.org/entity/Q15225004,Hooker Glacier (Wyoming)
http://www.wikidata.org/entity/Q15241463,Lander Glacier
http://www.wikidata.org/entity/Q15242540,Lizard Head Glacier
http://www.wikidata.org/entity/Q16002857,American Legion Glacier
http://www.wikidata.org/entity/Q16558943,Q16558943
http://www.wikidata.org/entity/Q24189612,Douglas Glacier
http://www.wikidata.org/entity/Q24229383,Snowbird Glacier
http://www.wikidata.org/entity/Q24259265,Sphinx Glacier
http://www.wikidata.org/entity/Q17748615,Q17748615
http://www.wikidata.org/entity/Q17769463,Q17769463
http://www.wikidata.org/entity/Q17770762,Q17770762
http://www.wikidata.org/entity/Q17773323,Q17773323
http://www.wikidata.org/entity/Q17776414,Q17776414
http://www.wikidata.org/entity/Q5329553,East Torrey Glacier
http://www.wikidata.org/entity/Q18559329,Barranco Glacier
http://www.wikidata.org/entity/Q19336131,Q19336131
http://www.wikidata.org/entity/Q19375154,Q19375154
http://www.wikidata.org/entity/Q19377121,Q19377121
http://www.wikidata.org/entity/Q19377416,Q19377416
http://www.wikidata.org/entity/Q19377511,Q19377511
http://www.wikidata.org/entity/Q19377535,Q19377535
http://www.wikidata.org/entity/Q19378522,Q19378522
http://www.wikidata.org/entity/Q19382021,Q19382021
http://www.wikidata.org/entity/Q19383345,Q19383345
http://www.wikidata.org/entity/Q19385135,Q19385135
http://www.wikidata.org/entity/Q5421313,Exploradores Glacier
http://www.wikidata.org/entity/Q19389044,Q19389044
http://www.wikidata.org/entity/Q19390623,Q19390623
http://www.wikidata.org/entity/Q19391701,Q19391701
http://www.wikidata.org/entity/Q19392879,Q19392879
http://www.wikidata.org/entity/Q19397673,Q19397673
http://www.wikidata.org/entity/Q19521152,Q19521152
http://www.wikidata.org/entity/Q19589495,Q19589495
http://www.wikidata.org/entity/Q19595938,Arrow Glacier
http://www.wikidata.org/entity/Q19597759,Little Penck Glacier
http://www.wikidata.org/entity/Q19647259,Q19647259
http://www.wikidata.org/entity/Q19666226,Q19666226
http://www.wikidata.org/entity/Q19685275,Q19685275
http://www.wikidata.org/entity/Q19720905,Q19720905
http://www.wikidata.org/entity/Q19720913,Q19720913
http://www.wikidata.org/entity/Q19720922,Q19720922
http://www.wikidata.org/entity/Q19720940,Q19720940
http://www.wikidata.org/entity/Q19720971,Q19720971
http://www.wikidata.org/entity/Q19720980,Q19720980
http://www.wikidata.org/entity/Q19721018,Q19721018
http://www.wikidata.org/entity/Q19721025,Q19721025
http://www.wikidata.org/entity/Q19721040,Q19721040
http://www.wikidata.org/entity/Q19721042,Q19721042
http://www.wikidata.org/entity/Q19721095,Q19721095
http://www.wikidata.org/entity/Q19758014,Q19758014
http://www.wikidata.org/entity/Q19758115,Q19758115
http://www.wikidata.org/entity/Q19787582,Q19787582
http://www.wikidata.org/entity/Q19834899,Q19834899
http://www.wikidata.org/entity/Q19835180,Q19835180
http://www.wikidata.org/entity/Q5499330,Frederikshaab Glacier
http://www.wikidata.org/entity/Q20098514,Q20098514
http://www.wikidata.org/entity/Q20112715,Q20112715
http://www.wikidata.org/entity/Q20190859,Q20190859
http://www.wikidata.org/entity/Q20190860,Q20190860
http://www.wikidata.org/entity/Q20190862,Q20190862
http://www.wikidata.org/entity/Q20190863,Q20190863
http://www.wikidata.org/entity/Q20190865,Q20190865
http://www.wikidata.org/entity/Q20190866,Q20190866
http://www.wikidata.org/entity/Q20190869,Q20190869
http://www.wikidata.org/entity/Q20190878,Q20190878
http://www.wikidata.org/entity/Q20190880,Q20190880
http://www.wikidata.org/entity/Q20190883,Q20190883
http://www.wikidata.org/entity/Q20190884,Q20190884
http://www.wikidata.org/entity/Q20190885,Q20190885
http://www.wikidata.org/entity/Q20553510,Q20553510
http://www.wikidata.org/entity/Q20615610,Q20615610
http://www.wikidata.org/entity/Q20616565,Q20616565
http://www.wikidata.org/entity/Q20619133,Q20619133
http://www.wikidata.org/entity/Q20620486,Q20620486
http://www.wikidata.org/entity/Q20621193,Q20621193
http://www.wikidata.org/entity/Q20621299,Q20621299
http://www.wikidata.org/entity/Q20621353,Q20621353
http://www.wikidata.org/entity/Q20622470,Q20622470
http://www.wikidata.org/entity/Q20622537,Q20622537
http://www.wikidata.org/entity/Q20623949,Q20623949
http://www.wikidata.org/entity/Q20624438,Q20624438
http://www.wikidata.org/entity/Q20624541,Q20624541
http://www.wikidata.org/entity/Q20624561,Q20624561
http://www.wikidata.org/entity/Q20624739,Q20624739
http://www.wikidata.org/entity/Q20624836,Q20624836
http://www.wikidata.org/entity/Q20624880,Q20624880
http://www.wikidata.org/entity/Q20624907,Q20624907
http://www.wikidata.org/entity/Q20625309,Q20625309
http://www.wikidata.org/entity/Q20625637,Q20625637
http://www.wikidata.org/entity/Q20625818,Q20625818
http://www.wikidata.org/entity/Q20625953,Q20625953
http://www.wikidata.org/entity/Q20625995,Q20625995
http://www.wikidata.org/entity/Q20626007,Q20626007
http://www.wikidata.org/entity/Q20626010,Q20626010
http://www.wikidata.org/entity/Q20626055,Q20626055
http://www.wikidata.org/entity/Q20626182,Q20626182
http://www.wikidata.org/entity/Q20626215,Q20626215
http://www.wikidata.org/entity/Q20626444,Q20626444
http://www.wikidata.org/entity/Q20626466,Q20626466
http://www.wikidata.org/entity/Q20626469,Q20626469
http://www.wikidata.org/entity/Q20627118,Q20627118
http://www.wikidata.org/entity/Q20627195,Q20627195
http://www.wikidata.org/entity/Q20627200,Q20627200
http://www.wikidata.org/entity/Q20627434,Q20627434
http://www.wikidata.org/entity/Q20628301,Q20628301
http://www.wikidata.org/entity/Q20628333,Q20628333
http://www.wikidata.org/entity/Q20628443,Q20628443
http://www.wikidata.org/entity/Q20791839,Q20791839
http://www.wikidata.org/entity/Q21044314,Saltuni
http://www.wikidata.org/entity/Q5566111,Glaciar Norte
http://www.wikidata.org/entity/Q25109993,Nupchu Glacier
http://www.wikidata.org/entity/Q25209390,Garm
http://www.wikidata.org/entity/Q25577943,Q25577943
http://www.wikidata.org/entity/Q25580190,Q25580190
http://www.wikidata.org/entity/Q5639348,Hainablak Glacier
http://www.wikidata.org/entity/Q21619442,Q21619442
http://www.wikidata.org/entity/Q5686594,Hayes Glacier
http://www.wikidata.org/entity/Q5691614,Heard Island glaciers
http://www.wikidata.org/entity/Q21619443,Q21619443
http://www.wikidata.org/entity/Q21619444,Q21619444
http://www.wikidata.org/entity/Q28225778,Akuliarutsip Sermerssua
http://www.wikidata.org/entity/Q29000958,Q29000958
http://www.wikidata.org/entity/Q29000962,Q29000962
http://www.wikidata.org/entity/Q29000963,Q29000963
http://www.wikidata.org/entity/Q29000965,Q29000965
http://www.wikidata.org/entity/Q30591368,Ingia Glacier
http://www.wikidata.org/entity/Q31445682,Q31445682
http://www.wikidata.org/entity/Q31445700,Q31445700
http://www.wikidata.org/entity/Q31445731,Q31445731
http://www.wikidata.org/entity/Q31454980,Q31454980
http://www.wikidata.org/entity/Q64143223,Grand Teton Glacier
http://www.wikidata.org/entity/Q64143224,Grand Teton Mountains
http://www.wikidata.org/entity/Q64143227,Grasshopper Glacier East
http://www.wikidata.org/entity/Q64143229,Goose Lake
http://www.wikidata.org/entity/Q64143231,Grasshopper Glacier West
http://www.wikidata.org/entity/Q64143232,Grasshopper Glacier (Crazy Peak)
http://www.wikidata.org/entity/Q64143234,Glacier Peak
http://www.wikidata.org/entity/Q64143237,Gunsight Pass
http://www.wikidata.org/entity/Q64143239,Gunsight Lake
http://www.wikidata.org/entity/Q64143241,Haystack Butte
http://www.wikidata.org/entity/Q64143242,Great North Glacier
http://www.wikidata.org/entity/Q64143244,Gyrfalcon Lake
http://www.wikidata.org/entity/Q64143246,Hozomeen Mountain
http://www.wikidata.org/entity/Q64143247,Grindall Island
http://www.wikidata.org/entity/Q64143251,Greenpoint Glacier
http://www.wikidata.org/entity/Q64143253,Hidden Glacier (Prince of Wales)
http://www.wikidata.org/entity/Q64143256,Gracey Creek Glacier
http://www.wikidata.org/entity/Q64143257,Herbert Glacier
http://www.wikidata.org/entity/Q64143259,Hole-in-the-Wall Glacier
http://www.wikidata.org/entity/Q64143260,Gilman Glacier
http://www.wikidata.org/entity/Q64143261,Hoonah Glacier
http://www.wikidata.org/entity/Q64143263,Girdled Glacier
http://www.wikidata.org/entity/Q64143265,Hidden Glacier (Yakutat)
http://www.wikidata.org/entity/Q64143267,Haenke Island
http://www.wikidata.org/entity/Q64143268,Hayden Glacier (Alaska)
http://www.wikidata.org/entity/Q64143269,Haenke Glacier
http://www.wikidata.org/entity/Q64143271,Haydon Peak
http://www.wikidata.org/entity/Q64143273,Head Glacier
http://www.wikidata.org/entity/Q64143274,Glacier Island
http://www.wikidata.org/entity/Q64143276,Heney Glacier
http://www.wikidata.org/entity/Q64143278,Heather Island
http://www.wikidata.org/entity/Q64143279,Granite Cove
http://www.wikidata.org/entity/Q64143281,Gillam Glacier
http://www.wikidata.org/entity/Q64143283,Hess Mountain
http://www.wikidata.org/entity/Q64143284,Hayes Glacier (Alaska)
http://www.wikidata.org/entity/Q64143288,Ghiacciaio di Goletta
http://www.wikidata.org/entity/Q64143290,Gran Paradiso Glacier
http://www.wikidata.org/entity/Q64143292,Gran Zebrù Glacier
http://www.wikidata.org/entity/Q64143305,Griessfirn Glacier
http://www.wikidata.org/entity/Q64143306,Griessenfirn Glacier
http://www.wikidata.org/entity/Q64143308,Guppenfirn Glacier
http://www.wikidata.org/entity/Q64143317,Godley Glacier
http://www.wikidata.org/entity/Q64143319,Golubin Glacier
http://www.wikidata.org/entity/Q64143519,Nevado Humantay
http://www.wikidata.org/entity/Q64143523,Leones Glacier
http://www.wikidata.org/entity/Q64143524,Mellizo Sur Glacier
http://www.wikidata.org/entity/Q64143526,HPS 9 Glacier
http://www.wikidata.org/entity/Q64143527,Mayo Glacier
http://www.wikidata.org/entity/Q64143528,Lake Palcacocha
http://www.wikidata.org/entity/Q64143574,Maliy Aktru Glacier
http://www.wikidata.org/entity/Q64143575,Kozelskiy Glacier
http://www.wikidata.org/entity/Q64143576,Lake McArthur
http://www.wikidata.org/entity/Q64143578,Lake O'Hara
http://www.wikidata.org/entity/Q64143579,Iskut River
http://www.wikidata.org/entity/Q64143581,Kitchener Lake
http://www.wikidata.org/entity/Q64143583,Klappan River
http://www.wikidata.org/entity/Q64143586,Lake Bennet
http://www.wikidata.org/entity/Q64143589,Logan Glacier (Yukon)
http://www.wikidata.org/entity/Q64143590,Hudson Bay
http://www.wikidata.org/entity/Q64143591,Kluane Lake
http://www.wikidata.org/entity/Q64143594,Kotarjökull
http://www.wikidata.org/entity/Q64143595,Juvfonne Glacier
http://www.wikidata.org/entity/Q64143598,Langfjordjoekulen Glacier
http://www.wikidata.org/entity/Q64143604,Ivigtut Mine
http://www.wikidata.org/entity/Q64143606,Kangaamiut
http://www.wikidata.org/entity/Q64143609,Kangerlussuaq [Søndre Strømfjord]
http://www.wikidata.org/entity/Q64143612,Jakobshavn Isbræ
http://www.wikidata.org/entity/Q64143613,Jakobshavn Isfjord
http://www.wikidata.org/entity/Q64143614,Jakobshavn / Ilulissat
http://www.wikidata.org/entity/Q64143615,Lyngmark Bugt
http://www.wikidata.org/entity/Q64143617,Kujatdleq Glacier
http://www.wikidata.org/entity/Q64143618,Karrat Ø
http://www.wikidata.org/entity/Q64143619,Kangilleq
http://www.wikidata.org/entity/Q64143620,Kjaers Glacier
http://www.wikidata.org/entity/Q64143622,Marre Glacier
http://www.wikidata.org/entity/Q64143623,Leidy Glacier
http://www.wikidata.org/entity/Q64143624,Inglefield Bredning
http://www.wikidata.org/entity/Q64143628,Meeham Glacier
http://www.wikidata.org/entity/Q64143633,Kirtisho Glacier
http://www.wikidata.org/entity/Q64143654,Kvitlodi Glacier
http://www.wikidata.org/entity/Q64143690,Kosmodemyanskaya Glacier
http://www.wikidata.org/entity/Q64143691,Igly Tuyuksu Glacier
http://www.wikidata.org/entity/Q64143692,Manshuk Mametova Glacier
http://www.wikidata.org/entity/Q64143693,Kroshka Glacier
http://www.wikidata.org/entity/Q64143694,Korzhenevskiy Glacier
http://www.wikidata.org/entity/Q64143695,Lake Italy
http://www.wikidata.org/entity/Q64143696,Iceberg Lake (California)
http://www.wikidata.org/entity/Q64143697,Lyell Glacier
http://www.wikidata.org/entity/Q64143699,Kuna Glacier
http://www.wikidata.org/entity/Q64143701,Imogene Pass
http://www.wikidata.org/entity/Q64143702,Matterhorn Peak
http://www.wikidata.org/entity/Q64143703,Longs Peak
http://www.wikidata.org/entity/Q64143704,Medicine Bow Peak
http://www.wikidata.org/entity/Q64143705,Klondike Lake
http://www.wikidata.org/entity/Q64143706,Jenny Lake
http://www.wikidata.org/entity/Q64143707,Jackson Lake
http://www.wikidata.org/entity/Q6346149,Kafni Glacier
http://www.wikidata.org/entity/Q6350006,Kalabaland Glacier
http://www.wikidata.org/entity/Q6382545,Kedarnath Glacier
http://www.wikidata.org/entity/Q6419455,Kjer Glacier
http://www.wikidata.org/entity/Q64143708,Huckleberry Lake
http://www.wikidata.org/entity/Q64143709,Little Crater Lake
http://www.wikidata.org/entity/Q64143713,Ives Glacier
http://www.wikidata.org/entity/Q64143714,Ives Peak
http://www.wikidata.org/entity/Q64143715,McCall Glacier (Washington)
http://www.wikidata.org/entity/Q64143716,Longmire Meadow
http://www.wikidata.org/entity/Q64143717,Kautz Creek
http://www.wikidata.org/entity/Q64143718,Lake of the Clouds
http://www.wikidata.org/entity/Q64143719,McDonald Peak
http://www.wikidata.org/entity/Q64143720,Ice Worm Glacier
http://www.wikidata.org/entity/Q64143721,Lake Chelan
http://www.wikidata.org/entity/Q64143724,Mount Jackson Glacier
http://www.wikidata.org/entity/Q64143726,Medicine Owl Lake
http://www.wikidata.org/entity/Q64143727,Little Chief Mountain
http://www.wikidata.org/entity/Q64143728,Longfellow Peak
http://www.wikidata.org/entity/Q64143730,Logging Mountain
http://www.wikidata.org/entity/Q64143731,Iceberg Lake
http://www.wikidata.org/entity/Q64143732,Hummel Glacier
http://www.wikidata.org/entity/Q64143734,Lake Dorothy
http://www.wikidata.org/entity/Q64143735,Kukak Bay
http://www.wikidata.org/entity/Q64143736,Kukak Volcano
http://www.wikidata.org/entity/Q64143737,Klooch Glacier
http://www.wikidata.org/entity/Q64143738,Lituya Bay
http://www.wikidata.org/entity/Q64143739,Maynard Glacier
http://www.wikidata.org/entity/Q64143741,Hugh Miller Glacier
http://www.wikidata.org/entity/Q64143743,Kashoto Glacier
http://www.wikidata.org/entity/Q64143745,Johns Hopkins Inlet
http://www.wikidata.org/entity/Q64143747,Kadachan Glacier
http://www.wikidata.org/entity/Q64143749,Loomis Glacier
http://www.wikidata.org/entity/Q64143750,Kulik Lake
http://www.wikidata.org/entity/Q64143752,McBride Glacier
http://www.wikidata.org/entity/Q64143754,Kamishak Bay
http://www.wikidata.org/entity/Q64143755,Krisha Glacier
http://www.wikidata.org/entity/Q64143757,Le Blondeau Glacier
http://www.wikidata.org/entity/Q64143761,Laughton Glacier
http://www.wikidata.org/entity/Q64143764,Lake Nerka
http://www.wikidata.org/entity/Q64143767,Iniskin Bay
http://www.wikidata.org/entity/Q64143769,Iliamna Lake
http://www.wikidata.org/entity/Q64143772,Icy Cape
http://www.wikidata.org/entity/Q64143775,Malaspina Glacier
http://www.wikidata.org/entity/Q64143778,Icy Bay (Bering Glacier)
http://www.wikidata.org/entity/Q64143781,Iliamna Volcano
http://www.wikidata.org/entity/Q64143784,Lateral Glacier
http://www.wikidata.org/entity/Q64143787,Kaliakh River
http://www.wikidata.org/entity/Q64143788,Johnson Glacier (Kenai Peninsula)
http://www.wikidata.org/entity/Q64143790,Kulthieth Mountain
http://www.wikidata.org/entity/Q64143791,Libbey Glacier
http://www.wikidata.org/entity/Q64143793,Icy Bay
http://www.wikidata.org/entity/Q64143795,Lake Clark
http://www.wikidata.org/entity/Q64143797,Lake Fork Crescent River
http://www.wikidata.org/entity/Q64143799,Kushtaka Lake
http://www.wikidata.org/entity/Q64143800,Kings Glacier
http://www.wikidata.org/entity/Q64143802,Johnson Glacier (Valdez-Cordova)
http://www.wikidata.org/entity/Q64143803,Kings Bay
http://www.wikidata.org/entity/Q64143805,McPherson Glacier
http://www.wikidata.org/entity/Q64143807,Marquette Glacier
http://www.wikidata.org/entity/Q64143808,Logan Glacier (Alaska)
http://www.wikidata.org/entity/Q64143809,Lake Clark Pass
http://www.wikidata.org/entity/Q64143811,Mount Marcus Baker
http://www.wikidata.org/entity/Q64143813,Marcus Baker Glacier
http://www.wikidata.org/entity/Q64143814,Kluvesna Glacier
http://www.wikidata.org/entity/Q64143815,Jacksina Glacier
http://www.wikidata.org/entity/Q64143817,Kuskokwim River
http://www.wikidata.org/entity/Q64143818,Landmark Gap
http://www.wikidata.org/entity/Q64143821,Iron Creek
http://www.wikidata.org/entity/Q64143823,Maclaren Glacier
http://www.wikidata.org/entity/Q64143826,Johnson Glacier (Fairbanks)
http://www.wikidata.org/entity/Q64143829,Jarvis Creek
http://www.wikidata.org/entity/Q64143832,McGinnis Glacier
http://www.wikidata.org/entity/Q64143834,Johnson River
http://www.wikidata.org/entity/Q64143838,Little Gerstle River
http://www.wikidata.org/entity/Q64143840,James Robert Glacier
http://www.wikidata.org/entity/Q64143843,Hubley Glacier
http://www.wikidata.org/entity/Q64143847,McCall Glacier (Alaska)
http://www.wikidata.org/entity/Q64143890,Lake Superior
http://www.wikidata.org/entity/Q64143891,Lava Fork Area
http://www.wikidata.org/entity/Q64143901,Katajanokka Glaciers
http://www.wikidata.org/entity/Q64143905,Lupo Glacier
http://www.wikidata.org/entity/Q64143910,Mattertal
http://www.wikidata.org/entity/Q64143913,Lägh da Cavloc
http://www.wikidata.org/entity/Q64143914,Lämmern Glacier
http://www.wikidata.org/entity/Q64143916,Läntagletscher
http://www.wikidata.org/entity/Q64143917,Glatscher da Lavaz
http://www.wikidata.org/entity/Q64143918,Kehlen Glacier
http://www.wikidata.org/entity/Q64143919,Vadret da Lischana Glacier
http://www.wikidata.org/entity/Q64143923,Karabatkak Glacier
http://www.wikidata.org/entity/Q64143925,Lhotse Shar / Imja Glacier
http://www.wikidata.org/entity/Q64143926,Lhotse Glacier
http://www.wikidata.org/entity/Q64143927,Kyimoshung Glacier
http://www.wikidata.org/entity/Q64143928,Lirung Glacier
http://www.wikidata.org/entity/Q64143929,Maladeta Glacier
http://www.wikidata.org/entity/Q13165506,Q13165506
http://www.wikidata.org/entity/Q65076675,Thwaites Ice Shelf
http://www.wikidata.org/entity/Q106520533,Larsen B Ice Shelf
http://www.wikidata.org/entity/Q64143944,Nevado Verónica
http://www.wikidata.org/entity/Q64143945,Nevado Salcantay
http://www.wikidata.org/entity/Q64143946,Ngga Pilimsit
http://www.wikidata.org/entity/Q64143947,Northwall Firn
http://www.wikidata.org/entity/Q64143948,Ngga Pulu
http://www.wikidata.org/entity/Q64143949,Mount Tronador
http://www.wikidata.org/entity/Q64143950,Mount Sydney King
http://www.wikidata.org/entity/Q64143951,Mount Cook
http://www.wikidata.org/entity/Q64143952,Metelille Glacier
http://www.wikidata.org/entity/Q64143962,Northern Patagonia Glaciers
http://www.wikidata.org/entity/Q64143963,Moreno Glacier
http://www.wikidata.org/entity/Q64143964,Mount John Jay
http://www.wikidata.org/entity/Q64143965,Mount Fawcett
http://www.wikidata.org/entity/Q64144007,Ofhidro Glacier
http://www.wikidata.org/entity/Q64144009,Oriental Glacier
http://www.wikidata.org/entity/Q64144011,Occidental Glacier
http://www.wikidata.org/entity/Q64144015,Olvidado Glacier
http://www.wikidata.org/entity/Q64144017,Nevados Chopicallqui
http://www.wikidata.org/entity/Q64144018,Palcaraju Glacier
http://www.wikidata.org/entity/Q64144019,Nuptse Glacier
http://www.wikidata.org/entity/Q64144020,Ngojumba Glacier
http://www.wikidata.org/entity/Q64144022,Mount Kaeweah
http://www.wikidata.org/entity/Q64144023,Mirror Lake
http://www.wikidata.org/entity/Q64144025,Mount Goddard
http://www.wikidata.org/entity/Q64144028,Muir Pass
http://www.wikidata.org/entity/Q64144032,Mount McGee
http://www.wikidata.org/entity/Q64144035,Mount Lyell
http://www.wikidata.org/entity/Q64144039,Mount Dana
http://www.wikidata.org/entity/Q64144040,Mount Massive
http://www.wikidata.org/entity/Q64144041,Mount Ararat
http://www.wikidata.org/entity/Q64144042,Mount Powell
http://www.wikidata.org/entity/Q64144043,Niwot Ridge
http://www.wikidata.org/entity/Q64144045,Mount Zirkel
http://www.wikidata.org/entity/Q64144048,North Fork Little Laramie River
http://www.wikidata.org/entity/Q64144051,Mount Shasta
http://www.wikidata.org/entity/Q64144054,Oulettes de Gaube Glacier
http://www.wikidata.org/entity/Q64144057,Mount Hooker
http://www.wikidata.org/entity/Q64144059,Molodezhniy Glacier
http://www.wikidata.org/entity/Q64144060,Ordzhonikidze Glacier
http://www.wikidata.org/entity/Q64144061,Mount Elbrus
http://www.wikidata.org/entity/Q64144062,Mount Saint John
http://www.wikidata.org/entity/Q64144064,Novelty Mine
http://www.wikidata.org/entity/Q64144065,Mount Wilse
http://www.wikidata.org/entity/Q64144066,Mount Hood
http://www.wikidata.org/entity/Q64144072,Ofentalgletscher
http://www.wikidata.org/entity/Q64144076,Ober Gabelhorn
http://www.wikidata.org/entity/Q64144086,Glacier de Tortin
http://www.wikidata.org/entity/Q64144088,Mount Saint Helens
http://www.wikidata.org/entity/Q64144089,Mount Adams
http://www.wikidata.org/entity/Q64144090,Monte Rosso
http://www.wikidata.org/entity/Q64144091,Vadret da Palü Glacier
http://www.wikidata.org/entity/Q64144092,Vadret da Morteratsch
http://www.wikidata.org/entity/Q64144094,Murtel Glacier
http://www.wikidata.org/entity/Q64144102,Morgenhorn Glacier
http://www.wikidata.org/entity/Q64144104,Mutt Glacier
http://www.wikidata.org/entity/Q64144105,Oberer Grindelwaldgletscher
http://www.wikidata.org/entity/Q64144108,Mount Rainier
http://www.wikidata.org/entity/Q64144114,Mount Stuart
http://www.wikidata.org/entity/Q64144117,Mount Hinman
http://www.wikidata.org/entity/Q64144119,Mount Mystery
http://www.wikidata.org/entity/Q64144120,Mount Olympus
http://www.wikidata.org/entity/Q64144121,Mount Deception
http://www.wikidata.org/entity/Q64144122,Mount Queets
http://www.wikidata.org/entity/Q64144123,Mount Ferry
http://www.wikidata.org/entity/Q64144124,Mount Stimson
http://www.wikidata.org/entity/Q64144125,Nyack Creek
http://www.wikidata.org/entity/Q64144126,Mount Thompson
http://www.wikidata.org/entity/Q64144128,Pacific Creek
http://www.wikidata.org/entity/Q64144130,Mount James
http://www.wikidata.org/entity/Q64144133,Oberlin Falls
http://www.wikidata.org/entity/Q64144136,Mount Oberlin
http://www.wikidata.org/entity/Q64144140,Mineral Creek
http://www.wikidata.org/entity/Q64144142,Mount Blum
http://www.wikidata.org/entity/Q64144143,Mount Baker
http://www.wikidata.org/entity/Q64144145,Mount Shuksan
http://www.wikidata.org/entity/Q64144146,Natoas Peak
http://www.wikidata.org/entity/Q64144149,Mount Carter
http://www.wikidata.org/entity/Q64144150,Olson Creek
http://www.wikidata.org/entity/Q64144151,Miche Wabun Lake
http://www.wikidata.org/entity/Q64144152,Mount Spickard
http://www.wikidata.org/entity/Q64144153,Mount Cleveland
http://www.wikidata.org/entity/Q64144154,Mount Vsevidof
http://www.wikidata.org/entity/Q64144155,Mount Recheshnoi
http://www.wikidata.org/entity/Q64144158,Nass River
http://www.wikidata.org/entity/Q64144161,Mount Veniaminof
http://www.wikidata.org/entity/Q64144164,Mount Middleton
http://www.wikidata.org/entity/Q64144168,Mount Pounder
http://www.wikidata.org/entity/Q64144170,Mount Zara
http://www.wikidata.org/entity/Q64144172,Oweegee Creek
http://www.wikidata.org/entity/Q64144173,Oweegee Peak
http://www.wikidata.org/entity/Q64144174,Mount Skowill
http://www.wikidata.org/entity/Q64144175,Mount Verrett
http://www.wikidata.org/entity/Q20552414,Q20552414
http://www.wikidata.org/entity/Q55163235,Wit Stwosz Icefall
http://www.wikidata.org/entity/Q38251784,Wenden Glacier
http://www.wikidata.org/entity/Q64144176,Mount Chiginagak
http://www.wikidata.org/entity/Q64144177,North Dawes Glacier
http://www.wikidata.org/entity/Q64144178,Mud Glacier
http://www.wikidata.org/entity/Q64144179,Mount Martin
http://www.wikidata.org/entity/Q64144182,Mount Katmai
http://www.wikidata.org/entity/Q64144183,Mount Wood
http://www.wikidata.org/entity/Q64144184,Mount Crillon
http://www.wikidata.org/entity/Q64144186,Mount Wright (Hoonah-Angoon)
http://www.wikidata.org/entity/Q64144187,Muir Point
http://www.wikidata.org/entity/Q64144188,Mount Douglas
http://www.wikidata.org/entity/Q64144190,Mount Merriam
http://www.wikidata.org/entity/Q64144193,Muir Glacier
http://www.wikidata.org/entity/Q64144196,Muir Inlet
http://www.wikidata.org/entity/Q64144198,Mount Waskey
http://www.wikidata.org/entity/Q64144201,Nunatak Fiord
http://www.wikidata.org/entity/Q64144203,Northwestern Glacier
http://www.wikidata.org/entity/Q64144204,Nuyakuk Lake
http://www.wikidata.org/entity/Q64144205,Midimber Lake
http://www.wikidata.org/entity/Q64144207,Mount Cook (Alaska)
http://www.wikidata.org/entity/Q64144208,Mount Saint Elias
http://www.wikidata.org/entity/Q64144209,Mount Augusta
http://www.wikidata.org/entity/Q64144210,Mount Miller
http://www.wikidata.org/entity/Q64144211,Nellie Juan Glacier
http://www.wikidata.org/entity/Q64144212,Mount Logan
http://www.wikidata.org/entity/Q64144213,Northland Glacier
http://www.wikidata.org/entity/Q64144214,Mount Hawkins
http://www.wikidata.org/entity/Q64144215,North Fork Glacier
http://www.wikidata.org/entity/Q64144217,Neacola Glacier
http://www.wikidata.org/entity/Q64144223,Mount Hogan
http://www.wikidata.org/entity/Q64144225,Mount Spurr
http://www.wikidata.org/entity/Q64144227,Mount Bona
http://www.wikidata.org/entity/Q64144229,Mount Witherspoon
http://www.wikidata.org/entity/Q64144234,Mount Gerdine
http://www.wikidata.org/entity/Q64144236,Mount Blackburn
http://www.wikidata.org/entity/Q64144237,Middle Fork Glacier
http://www.wikidata.org/entity/Q64144239,Mint Glacier
http://www.wikidata.org/entity/Q64144240,Mount Wrangell
http://www.wikidata.org/entity/Q64144242,Mount Jarvis
http://www.wikidata.org/entity/Q64144243,Mount Drum
http://www.wikidata.org/entity/Q64144244,Mount Gordon
http://www.wikidata.org/entity/Q64144245,Nadina Glacier
http://www.wikidata.org/entity/Q64144246,Mount Sanford
http://www.wikidata.org/entity/Q64144247,Notch Creek
http://www.wikidata.org/entity/Q64144248,Nutzotin Mountains
http://www.wikidata.org/entity/Q64144249,Mentasta Mountains
http://www.wikidata.org/entity/Q64144251,Mount Dall
http://www.wikidata.org/entity/Q64144252,Mount Russell
http://www.wikidata.org/entity/Q64144254,Mount Foraker
http://www.wikidata.org/entity/Q64144256,Middle Fork Chistochina River
http://www.wikidata.org/entity/Q64144258,Ohio Creek
http://www.wikidata.org/entity/Q64144263,Mount Kimball
http://www.wikidata.org/entity/Q64144265,Mount Eielson
http://www.wikidata.org/entity/Q64144268,Nenana Glacier
http://www.wikidata.org/entity/Q64144269,Mount Hayes
http://www.wikidata.org/entity/Q64144270,Mount Deborah
http://www.wikidata.org/entity/Q64144271,Morsarjökull
http://www.wikidata.org/entity/Q64144272,Nuuk
http://www.wikidata.org/entity/Q64144273,Nenana River
http://www.wikidata.org/entity/Q64144274,Mount Skookum Jim
http://www.wikidata.org/entity/Q64144276,Okpilak Glacier
http://www.wikidata.org/entity/Q64144277,Mount Salisbury
http://www.wikidata.org/entity/Q64144279,Mount Chamberlin
http://www.wikidata.org/entity/Q64144282,Mount Michelson
http://www.wikidata.org/entity/Q64144284,Novaya Zemlya
http://www.wikidata.org/entity/Q64144288,Nordenskiolds Glacier
http://www.wikidata.org/entity/Q64144291,Nansen Glacier
http://www.wikidata.org/entity/Q64144292,Mohn Glacier
http://www.wikidata.org/entity/Q64144293,Moltke Glacier
http://www.wikidata.org/entity/Q64144296,Morris Jesup Glacier
http://www.wikidata.org/entity/Q64144297,Midtre Lovenbreen Glacier
http://www.wikidata.org/entity/Q64144384,Pumasillu
http://www.wikidata.org/entity/Q64144385,Salcantay East Glacier
http://www.wikidata.org/entity/Q64144386,Piloto Glacier
http://www.wikidata.org/entity/Q64144387,Southwall Hanging Glaciers
http://www.wikidata.org/entity/Q64144388,South Cirque Glacier
http://www.wikidata.org/entity/Q64144389,Reicher Glacier
http://www.wikidata.org/entity/Q64144391,San Quintin Glacier
http://www.wikidata.org/entity/Q64144393,Soler Glacier
http://www.wikidata.org/entity/Q64144395,Pared Norte Glacier
http://www.wikidata.org/entity/Q64144397,Pared Sur Glacier
http://www.wikidata.org/entity/Q64144399,Pascua Glacier
http://www.wikidata.org/entity/Q64144427,Southern Patagonia Ice Field Glaciers
http://www.wikidata.org/entity/Q64144497,Penguin Glacier
http://www.wikidata.org/entity/Q64144499,Pingo Glacier
http://www.wikidata.org/entity/Q64144501,Ross Island (Antarctica)
http://www.wikidata.org/entity/Q64144504,Pastorouri Glacier
http://www.wikidata.org/entity/Q64144506,Popocatépetl Glacier
http://www.wikidata.org/entity/Q64144509,Rolwaling Glacier
http://www.wikidata.org/entity/Q64144510,Shangri Nup / Shar Glacier
http://www.wikidata.org/entity/Q64144511,Rikha Samba Glacier
http://www.wikidata.org/entity/Q64144513,Parlung No. 94
http://www.wikidata.org/entity/Q64144514,Sawtooth Peak
http://www.wikidata.org/entity/Q64144515,Simmons Peak
http://www.wikidata.org/entity/Q64144517,Parker Creek
http://www.wikidata.org/entity/Q64144518,Qiyi Glacier
http://www.wikidata.org/entity/Q64144522,Snowy Range
http://www.wikidata.org/entity/Q64144528,Shokalsky Glacier
http://www.wikidata.org/entity/Q64144531,Saint Lawrence River
http://www.wikidata.org/entity/Q64144534,Glacier de Sarennes
http://www.wikidata.org/entity/Q64144535,Ghiacciaio del Rocciamelone
http://www.wikidata.org/entity/Q4009221,Q4009221
http://www.wikidata.org/entity/Q64144537,Ghiacciaio del Rutor
http://www.wikidata.org/entity/Q64144538,Prarayer
http://www.wikidata.org/entity/Q64144541,Seewjinen Glacier
http://www.wikidata.org/entity/Q64144545,Presanella Glacier
http://www.wikidata.org/entity/Q64144546,Glacier de Pierredar
http://www.wikidata.org/entity/Q64144547,Glacier du Prapio
http://www.wikidata.org/entity/Q64144549,Glacier du Sex Rouge
http://www.wikidata.org/entity/Q64144552,Silsersee
http://www.wikidata.org/entity/Q64144553,Schwarz Glacier
http://www.wikidata.org/entity/Q64144554,Vedreit de Camp (Paridisino) Glacier
http://www.wikidata.org/entity/Q64144555,Schonbuhl Glacier
http://www.wikidata.org/entity/Q64144558,Pizgletscher
http://www.wikidata.org/entity/Q64144561,Räterichsbodensee Lake
http://www.wikidata.org/entity/Q64144564,Schwarzbachfirn Glacier
http://www.wikidata.org/entity/Q64144567,Sankt Annafirn Glacier
http://www.wikidata.org/entity/Q64144571,Rotfirn (Nord) Glacier
http://www.wikidata.org/entity/Q64144572,Scalettagletscher
http://www.wikidata.org/entity/Q64144574,Plattalvagletscher (Griessfirn)
http://www.wikidata.org/entity/Q64144578,Sardonagletscher (Chligletscher)
http://www.wikidata.org/entity/Q64144579,Pizol Glacier
http://www.wikidata.org/entity/Q64144580,Sonielem Lake
http://www.wikidata.org/entity/Q64144581,Schneeferner South Glacier
http://www.wikidata.org/entity/Q64144582,Schneeferner North Glacier
http://www.wikidata.org/entity/Q64144583,Rampart Glacier
http://www.wikidata.org/entity/Q64144584,Mount Skokomish
http://www.wikidata.org/entity/Q64144585,Royal Basin
http://www.wikidata.org/entity/Q64144586,Sloan Peak
http://www.wikidata.org/entity/Q64144587,Sitting Bull Mountain
http://www.wikidata.org/entity/Q64144588,Mount Saint Nicholas
http://www.wikidata.org/entity/Q64144590,Snowking Mountain
http://www.wikidata.org/entity/Q64144592,Mount Pinchot
http://www.wikidata.org/entity/Q64144595,Razoredge Mountain
http://www.wikidata.org/entity/Q64144598,Twin Sisters Mountain
http://www.wikidata.org/entity/Q64144601,Saint Mary Lake
http://www.wikidata.org/entity/Q64144604,Pollock Mountain
http://www.wikidata.org/entity/Q64144605,Sherman Peak
http://www.wikidata.org/entity/Q64144606,Sherman Crater
http://www.wikidata.org/entity/Q64144607,Snow Moon Lake
http://www.wikidata.org/entity/Q64144609,Picket Range
http://www.wikidata.org/entity/Q64144610,Porcupine Ridge
http://www.wikidata.org/entity/Q64144611,Silver Glacier
http://www.wikidata.org/entity/Q64144612,Skeena River
http://www.wikidata.org/entity/Q64144613,Soule Glacier
http://www.wikidata.org/entity/Q64144614,Red Glacier (Prince of Wales)
http://www.wikidata.org/entity/Q64144616,Smith Lake
http://www.wikidata.org/entity/Q64144617,Slamgeesh Range
http://www.wikidata.org/entity/Q64144618,Skowill Creek
http://www.wikidata.org/entity/Q64144619,Snowbank Creek
http://www.wikidata.org/entity/Q64144621,Popof Glacier
http://www.wikidata.org/entity/Q64144625,Patterson Glacier
http://www.wikidata.org/entity/Q64144627,Porcupine Glacier (British Columbia)
http://www.wikidata.org/entity/Q64144628,Sawyer Glacier
http://www.wikidata.org/entity/Q64144632,Port Snettisham
http://www.wikidata.org/entity/Q64144634,Southwest Glacier
http://www.wikidata.org/entity/Q64144635,Reid Glacier (Alaska)
http://www.wikidata.org/entity/Q64144637,Scidmore Glacier
http://www.wikidata.org/entity/Q64144639,Sea Otter Glacier
http://www.wikidata.org/entity/Q64144640,Queen Inlet
http://www.wikidata.org/entity/Q64144641,Rendu Inlet
http://www.wikidata.org/entity/Q64144642,Plateau Glacier
http://www.wikidata.org/entity/Q64144644,Romer Glacier
http://www.wikidata.org/entity/Q64144645,Prairie Lake
http://www.wikidata.org/entity/Q64144646,Rendu Glacier
http://www.wikidata.org/entity/Q64144648,Rainbow Glacier (Alaska)
http://www.wikidata.org/entity/Q64144649,Rodman Glacier
http://www.wikidata.org/entity/Q64144650,South Glacier
http://www.wikidata.org/entity/Q64144651,Rainy Hollow Glacier
http://www.wikidata.org/entity/Q64144652,Portlock Glacier
http://www.wikidata.org/entity/Q64144653,Point Manby
http://www.wikidata.org/entity/Q64144654,Pile Bay
http://www.wikidata.org/entity/Q64144655,Schooner Beach
http://www.wikidata.org/entity/Q64144660,Point Riou
http://www.wikidata.org/entity/Q64144661,Point Latouche
http://www.wikidata.org/entity/Q64144663,Riou Bay
http://www.wikidata.org/entity/Q64144665,Pedersen Glacier
http://www.wikidata.org/entity/Q64144666,Red Glacier (Kenai Peninsula)
http://www.wikidata.org/entity/Q64144669,Pulpito Del Diablo Glacier
http://www.wikidata.org/entity/Q64144672,Porcupine Glacier (Alaska)
http://www.wikidata.org/entity/Q64144675,Puget Glacier
http://www.wikidata.org/entity/Q64144677,Seal River
http://www.wikidata.org/entity/Q64144678,Seward
http://www.wikidata.org/entity/Q64144680,Seward Glacier
http://www.wikidata.org/entity/Q64144681,Saint Elias Mountains
http://www.wikidata.org/entity/Q64144682,Sargent Ice Field
http://www.wikidata.org/entity/Q64144683,Snow River
http://www.wikidata.org/entity/Q64144684,Redoubt Volcano
http://www.wikidata.org/entity/Q64144686,Sherman Glacier
http://www.wikidata.org/entity/Q64144690,Prince William Sound
http://www.wikidata.org/entity/Q64144693,Ripon Glacier
http://www.wikidata.org/entity/Q64144696,Skookum Glacier
http://www.wikidata.org/entity/Q64144699,Silver Glacier (Alaska)
http://www.wikidata.org/entity/Q64144701,Schwan Glacier
http://www.wikidata.org/entity/Q64144702,Pigot Glacier
http://www.wikidata.org/entity/Q64144704,Roaring Glacier
http://www.wikidata.org/entity/Q64144705,Shamrock Glacier
http://www.wikidata.org/entity/Q64144706,Penniman Glaciers
http://www.wikidata.org/entity/Q68582901,Humboldt glacier
http://www.wikidata.org/entity/Q85792180,Parallel Glacier
http://www.wikidata.org/entity/Q97174311,Q97174311
http://www.wikidata.org/entity/Q98858041,Saginaw Lobe
http://www.wikidata.org/entity/Q48769738,West Fork Glacier
http://www.wikidata.org/entity/Q48838430,Q48838430
http://www.wikidata.org/entity/Q64144708,Serpentine Glacier
http://www.wikidata.org/entity/Q64144709,Ranney Glacier
http://www.wikidata.org/entity/Q64144711,Radcliffe Glacier
http://www.wikidata.org/entity/Q64144712,Snowcap Mountain
http://www.wikidata.org/entity/Q64144713,Regal Glacier
http://www.wikidata.org/entity/Q64144714,Rohn Glacier
http://www.wikidata.org/entity/Q64144715,Skwentna River
http://www.wikidata.org/entity/Q64144717,Sanford Glacier
http://www.wikidata.org/entity/Q64144719,Sovereign Mountain
http://www.wikidata.org/entity/Q64144722,Rainy Pass
http://www.wikidata.org/entity/Q64144725,Slana River
http://www.wikidata.org/entity/Q64144730,Robertson River
http://www.wikidata.org/entity/Q64144734,Skalafellsjökull
http://www.wikidata.org/entity/Q64144737,Rundvassbreen Glacier
http://www.wikidata.org/entity/Q64144742,Søndre Strømfjord
http://www.wikidata.org/entity/Q64144745,Passusjietna West Glacier
http://www.wikidata.org/entity/Q64144747,Sheenjek River
http://www.wikidata.org/entity/Q64144748,Schwanda Glacier
http://www.wikidata.org/entity/Q64144749,Qeqertarsuup Tunua
http://www.wikidata.org/entity/Q64144750,Qimusseriarsuaq
http://www.wikidata.org/entity/Q64144751,Peary Glacier
http://www.wikidata.org/entity/Q64144754,Rinks Gletscher (north)
http://www.wikidata.org/entity/Q64144756,Rasmussen Glacier
http://www.wikidata.org/entity/Q64144846,Volcán Cotopaxi
http://www.wikidata.org/entity/Q64144847,Zongo Glacier
http://www.wikidata.org/entity/Q64144848,Wollaston Glacier
http://www.wikidata.org/entity/Q64144850,Strindberg Glacier
http://www.wikidata.org/entity/Q64144851,Tempano Glacier
http://www.wikidata.org/entity/Q64144854,Spele Glacier
http://www.wikidata.org/entity/Q64144856,Yale Glacier (Nepal)
http://www.wikidata.org/entity/Q64144858,Yala Glacier
http://www.wikidata.org/entity/Q64144860,Thulagi Glacier
http://www.wikidata.org/entity/Q64144864,University Peak
http://www.wikidata.org/entity/Q64144869,Wheeler Peak
http://www.wikidata.org/entity/Q64144873,Sundance Mountain
http://www.wikidata.org/entity/Q64144875,Tsentralniy Tuyuksuyskiy Glacier
http://www.wikidata.org/entity/Q64144877,Urumqi Glacier
http://www.wikidata.org/entity/Q64144878,Talgar Yuzhniy Glacier
http://www.wikidata.org/entity/Q64144879,Titcomb Lakes
http://www.wikidata.org/entity/Q64144882,Wells Creek
http://www.wikidata.org/entity/Q64144883,Three Forks Park
http://www.wikidata.org/entity/Q64144884,Teton Range
http://www.wikidata.org/entity/Q64144885,Timberline Lodge
http://www.wikidata.org/entity/Q64144890,Ghiacciaio della Valletta
http://www.wikidata.org/entity/Q64144897,Glacier de Tré-la-Tête
http://www.wikidata.org/entity/Q64144903,Glacier de Tseudet
http://www.wikidata.org/entity/Q64144967,Theodulpass
http://www.wikidata.org/entity/Q64144968,Zadezan Glacier
http://www.wikidata.org/entity/Q64144970,Through Glacier
http://www.wikidata.org/entity/Q64145009,Tête de Valpelline
http://www.wikidata.org/entity/Q64145010,Tiefmattengletscher
http://www.wikidata.org/entity/Q64145012,Tällibodengletscher
http://www.wikidata.org/entity/Q64145118,Turtmanngletscher
http://www.wikidata.org/entity/Q64145119,White Salmon Glacier (Yakima)
http://www.wikidata.org/entity/Q64145120,White Salmon - Avalanche Glacier
http://www.wikidata.org/entity/Q64145121,Wishbone Glacier
http://www.wikidata.org/entity/Q64145122,Ventina (Pizzo) Glacier
http://www.wikidata.org/entity/Q64145123,Vazzeda Glacier
http://www.wikidata.org/entity/Q64145125,Vadrer da Fex
http://www.wikidata.org/entity/Q64145130,Zenbächengletscher
http://www.wikidata.org/entity/Q64145133,Vadret da Rosatsch Glacier
http://www.wikidata.org/entity/Q64145135,Ghiacciaio di Valleggia
http://www.wikidata.org/entity/Q64145136,Ghiacciaio di Val Torta
http://www.wikidata.org/entity/Q64145137,Wannenhorngletscher
http://www.wikidata.org/entity/Q64145142,Vitelli Glacier
http://www.wikidata.org/entity/Q64145145,Suretta Merid Glacier
http://www.wikidata.org/entity/Q64145147,Tofana di Rozes
http://www.wikidata.org/entity/Q64145151,Strahlegg-gletscher
http://www.wikidata.org/entity/Q64145158,Tre Cime di Lavaredo
http://www.wikidata.org/entity/Q64145160,Triftgletscher (Gadmen)
http://www.wikidata.org/entity/Q64145162,Steingletscher
http://www.wikidata.org/entity/Q64145164,Wallenburfirn Glacier
http://www.wikidata.org/entity/Q64145166,Tatoosh Range
http://www.wikidata.org/entity/Q64145169,Stevens Glacier
http://www.wikidata.org/entity/Q64145173,Vadret Tiatscha (La Cudera)
http://www.wikidata.org/entity/Q64145180,Tipsoo Lake
http://www.wikidata.org/entity/Q64145183,Hintersulzfirn
http://www.wikidata.org/entity/Q64145198,Swan Peak
http://www.wikidata.org/entity/Q64145201,University Glacier
http://www.wikidata.org/entity/Q64145205,White Glacier (Washington)
http://www.wikidata.org/entity/Q64145208,Thompson Creek
http://www.wikidata.org/entity/Q64145209,Triple Divide Peak
http://www.wikidata.org/entity/Q64145210,Swiftcurrent Mountain
http://www.wikidata.org/entity/Q64145211,Summit Crater
http://www.wikidata.org/entity/Q64145213,Spillway Glacier
http://www.wikidata.org/entity/Q64145217,Vulture Peak
http://www.wikidata.org/entity/Q64145220,Whitecrow Lake
http://www.wikidata.org/entity/Q64145226,Turner Glacier (British Columbia)
http://www.wikidata.org/entity/Q64145228,Tumbling Glacier
http://www.wikidata.org/entity/Q64145229,Tanaga Island
http://www.wikidata.org/entity/Q64145231,Takawangha Volcano
http://www.wikidata.org/entity/Q64145232,Tanya Lake
http://www.wikidata.org/entity/Q64145234,Umnak Island
http://www.wikidata.org/entity/Q64145235,Tulik Volcano
http://www.wikidata.org/entity/Q64145236,Thumb Glacier
http://www.wikidata.org/entity/Q64145239,Texas Glacier
http://www.wikidata.org/entity/Q64145242,Mount Upshur
http://www.wikidata.org/entity/Q64145245,Unuk River
http://www.wikidata.org/entity/Q64145247,Taylor River
http://www.wikidata.org/entity/Q64145251,Teigen Creek
http://www.wikidata.org/entity/Q64145252,Twin Glacier (British Columbia)
http://www.wikidata.org/entity/Q64145253,Thutade Lake
http://www.wikidata.org/entity/Q64145254,Trygve Lake
http://www.wikidata.org/entity/Q64145255,Thomas Bay
http://www.wikidata.org/entity/Q64145257,Sumdum Glacier
http://www.wikidata.org/entity/Q64145258,Trident Volcano
http://www.wikidata.org/entity/Q64145262,The Knife Creek Glaciers
http://www.wikidata.org/entity/Q64145265,Taku Inlet
http://www.wikidata.org/entity/Q64145268,Twin Glacier Lake
http://www.wikidata.org/entity/Q64145271,West Twin Glacier
http://www.wikidata.org/entity/Q64145273,Twin Glacier Peak
http://www.wikidata.org/entity/Q64145274,Mount Wilbur
http://www.wikidata.org/entity/Q64145276,Tyeen Glacier
http://www.wikidata.org/entity/Q64145277,Twin Glacier (Alaska)
http://www.wikidata.org/entity/Q64145280,Toyatte Glacier
http://www.wikidata.org/entity/Q64145281,Wachusett Inlet
http://www.wikidata.org/entity/Q64145285,Topeka Glacier
http://www.wikidata.org/entity/Q64145287,Tarr Inlet
http://www.wikidata.org/entity/Q64145288,Willard Glacier
http://www.wikidata.org/entity/Q64145289,Takhin Glacier
http://www.wikidata.org/entity/Q64145290,Taiya Inlet
http://www.wikidata.org/entity/Q64145295,Split Glacier (Kenai Peninsula)
http://www.wikidata.org/entity/Q64145296,Surprise Lake
http://www.wikidata.org/entity/Q64145297,Trout Lake
http://www.wikidata.org/entity/Q64145298,West Nunatak Glacier
http://www.wikidata.org/entity/Q64145300,Teslin Lake
http://www.wikidata.org/entity/Q64145303,Tutshi Lake
http://www.wikidata.org/entity/Q64145306,Svelgjabreen Glacier
http://www.wikidata.org/entity/Q64145308,Umbrella Glacier
http://www.wikidata.org/entity/Q64145310,Turner Glacier (Alaska)
http://www.wikidata.org/entity/Q64145311,Tongue Glacier
http://www.wikidata.org/entity/Q64145313,Tsaa Fiord
http://www.wikidata.org/entity/Q64145314,White River Glacier (Alaska)
http://www.wikidata.org/entity/Q64145317,Tsaa Glacier
http://www.wikidata.org/entity/Q64145318,Vitus Lake
http://www.wikidata.org/entity/Q64145319,Yakataga Glacier
http://www.wikidata.org/entity/Q64145324,Tyndall Glacier (Alaska)
http://www.wikidata.org/entity/Q64145327,Tigertail Glacier
http://www.wikidata.org/entity/Q64145330,Tuxedni Glacier
http://www.wikidata.org/entity/Q64145331,Tuxedni Bay
http://www.wikidata.org/entity/Q64145333,Upnuk Lake
http://www.wikidata.org/entity/Q64145336,Ultramarine Glacier
http://www.wikidata.org/entity/Q64145338,Wolverine Glacier
http://www.wikidata.org/entity/Q64145339,Tlikakila River
http://www.wikidata.org/entity/Q64145342,Van Cleve Glacier
http://www.wikidata.org/entity/Q64145343,Tebenkof Glacier
http://www.wikidata.org/entity/Q64145346,Tsiu River
http://www.wikidata.org/entity/Q64145351,Whittier Glacier
http://www.wikidata.org/entity/Q64145353,Wernicke Glacier
http://www.wikidata.org/entity/Q64145354,Turquoise Lake
http://www.wikidata.org/entity/Q64145357,Turquoise Glacier
http://www.wikidata.org/entity/Q64145358,Tanaina Glacier
http://www.wikidata.org/entity/Q64145359,Twentymile Glacier
http://www.wikidata.org/entity/Q64145360,Telaquana Lake
http://www.wikidata.org/entity/Q64145361,Wedge Glacier
http://www.wikidata.org/entity/Q64145362,Unakwik Inlet
http://www.wikidata.org/entity/Q64145364,Surprise Glacier (Anchorage)
http://www.wikidata.org/entity/Q64145365,Toboggan Glacier
http://www.wikidata.org/entity/Q64145366,Terentiev Lake
http://www.wikidata.org/entity/Q64145367,Two Lakes
http://www.wikidata.org/entity/Q64145368,Yale Glacier (Alaska)
http://www.wikidata.org/entity/Q64145375,Stephens Glacier
http://www.wikidata.org/entity/Q64906184,Q64906184
http://www.wikidata.org/entity/Q65127891,Q65127891
http://www.wikidata.org/entity/Q49949760,Q49949760
http://www.wikidata.org/entity/Q54872287,Yakutat Glacier
http://www.wikidata.org/entity/Q55163219,Q55163219
http://www.wikidata.org/entity/Q55163228,Q55163228
http://www.wikidata.org/entity/Q55163230,Q55163230
http://www.wikidata.org/entity/Q55163234,Q55163234
http://www.wikidata.org/entity/Q55163245,Q55163245
http://www.wikidata.org/entity/Q55163247,Q55163247
http://www.wikidata.org/entity/Q55164590,Q55164590
http://www.wikidata.org/entity/Q55164591,Q55164591
http://www.wikidata.org/entity/Q55164596,Q55164596
http://www.wikidata.org/entity/Q55164646,Q55164646
http://www.wikidata.org/entity/Q55164647,Q55164647
http://www.wikidata.org/entity/Q55164650,Q55164650
http://www.wikidata.org/entity/Q55164651,Q55164651
http://www.wikidata.org/entity/Q55164654,Q55164654
http://www.wikidata.org/entity/Q55164656,Q55164656
http://www.wikidata.org/entity/Q69856679,Q69856679
http://www.wikidata.org/entity/Q71520095,Q71520095
http://www.wikidata.org/entity/Q71542453,Q71542453
http://www.wikidata.org/entity/Q71870898,Q71870898
http://www.wikidata.org/entity/Q71881797,Q71881797
http://www.wikidata.org/entity/Q71881801,Q71881801
http://www.wikidata.org/entity/Q71881804,Q71881804
http://www.wikidata.org/entity/Q71881811,Q71881811
http://www.wikidata.org/entity/Q71881812,Q71881812
http://www.wikidata.org/entity/Q72177563,Q72177563
http://www.wikidata.org/entity/Q73481696,Q73481696
http://www.wikidata.org/entity/Q74197971,Q74197971
http://www.wikidata.org/entity/Q75540052,Q75540052
http://www.wikidata.org/entity/Q79383751,Q79383751
http://www.wikidata.org/entity/Q83367384,Q83367384
http://www.wikidata.org/entity/Q83474426,Q83474426
http://www.wikidata.org/entity/Q85751475,Chaos Glacier
http://www.wikidata.org/entity/Q85795570,Radiant Glacier
http://www.wikidata.org/entity/Q86683557,Q86683557
http://www.wikidata.org/entity/Q86750629,Nunatak Glacier
http://www.wikidata.org/entity/Q87759091,Q87759091
http://www.wikidata.org/entity/Q87915585,Q87915585
http://www.wikidata.org/entity/Q88218135,Thajiwas glacier
http://www.wikidata.org/entity/Q88266747,Younghusband glacier
http://www.wikidata.org/entity/Q89481538,Bichom Glacier
http://www.wikidata.org/entity/Q89482357,Hari parbat Glacier
http://www.wikidata.org/entity/Q55164657,Q55164657
http://www.wikidata.org/entity/Q55164658,Q55164658
http://www.wikidata.org/entity/Q55164659,Q55164659
http://www.wikidata.org/entity/Q55164661,Q55164661
http://www.wikidata.org/entity/Q55164664,Q55164664
http://www.wikidata.org/entity/Q55164665,Q55164665
http://www.wikidata.org/entity/Q55164666,Q55164666
http://www.wikidata.org/entity/Q55164667,Q55164667
http://www.wikidata.org/entity/Q55164668,Q55164668
http://www.wikidata.org/entity/Q55164670,Q55164670
http://www.wikidata.org/entity/Q55164673,Q55164673
http://www.wikidata.org/entity/Q55164674,Q55164674
http://www.wikidata.org/entity/Q55165901,Q55165901
http://www.wikidata.org/entity/Q55597091,Q55597091
http://www.wikidata.org/entity/Q56517492,Q56517492
http://www.wikidata.org/entity/Q56517494,Q56517494
http://www.wikidata.org/entity/Q56517506,Q56517506
http://www.wikidata.org/entity/Q56517520,Q56517520
http://www.wikidata.org/entity/Q56517523,Q56517523
http://www.wikidata.org/entity/Q56517527,Q56517527
http://www.wikidata.org/entity/Q56517530,Q56517530
http://www.wikidata.org/entity/Q56612780,Q56612780
http://www.wikidata.org/entity/Q56640684,Q56640684
http://www.wikidata.org/entity/Q56640686,Q56640686
http://www.wikidata.org/entity/Q56640687,Q56640687
http://www.wikidata.org/entity/Q57836124,Q57836124
http://www.wikidata.org/entity/Q58929478,Q58929478
http://www.wikidata.org/entity/Q58936890,Q58936890
http://www.wikidata.org/entity/Q60750424,Sulphur Glacier
http://www.wikidata.org/entity/Q60968541,Q60968541
http://www.wikidata.org/entity/Q60968613,Q60968613
http://www.wikidata.org/entity/Q61989683,Q61989683
http://www.wikidata.org/entity/Q62569593,Q62569593
http://www.wikidata.org/entity/Q63871104,Ghiacciaio del Cavagnoli
http://www.wikidata.org/entity/Q63969620,Blomstølskardsbreen Glacier
http://www.wikidata.org/entity/Q63969647,Ciamarella Glacier
http://www.wikidata.org/entity/Q63977358,Martial Este Glacier
http://www.wikidata.org/entity/Q63977825,Q63977825
http://www.wikidata.org/entity/Q63978100,Bagley Ice Valley
http://www.wikidata.org/entity/Q63982807,Harriman Fiord
http://www.wikidata.org/entity/Q63982808,Rosenlauigletscher
http://www.wikidata.org/entity/Q93475772,Q93475772
http://www.wikidata.org/entity/Q94579415,Q94579415
http://www.wikidata.org/entity/Q63982809,Taylor Glacier
http://www.wikidata.org/entity/Q63982813,Drift River
http://www.wikidata.org/entity/Q63982826,North Peak
http://www.wikidata.org/entity/Q63982839,Desolation Glacier
http://www.wikidata.org/entity/Q63982840,Kviarjökull
http://www.wikidata.org/entity/Q63982841,Adams Plateau Glacier
http://www.wikidata.org/entity/Q63982843,Spatsizi River
http://www.wikidata.org/entity/Q63982844,Cascade Iceworn Glacier
http://www.wikidata.org/entity/Q63982845,Bradfield Canal
http://www.wikidata.org/entity/Q63982846,Gravel Glacier
http://www.wikidata.org/entity/Q63982847,Lauteraar Glacier
http://www.wikidata.org/entity/Q63982848,Lednik Medvezhiy
http://www.wikidata.org/entity/Q63982849,Lake Sevan
http://www.wikidata.org/entity/Q63982850,Lava Fork
http://www.wikidata.org/entity/Q63982851,Woodworth Glacier
http://www.wikidata.org/entity/Q63982853,Cedec Glacier
http://www.wikidata.org/entity/Q63982854,Morells Glacier
http://www.wikidata.org/entity/Q63982855,Mount Jefferson
http://www.wikidata.org/entity/Q63982856,Cima di Rosso
http://www.wikidata.org/entity/Q63982857,Mount Ethel
http://www.wikidata.org/entity/Q63982860,Yulong Glacier
http://www.wikidata.org/entity/Q63982861,Marvine Glacier
http://www.wikidata.org/entity/Q63982864,South Sister
http://www.wikidata.org/entity/Q63982865,Gualas Glacier
http://www.wikidata.org/entity/Q63982866,HPS 19 Glacier
http://www.wikidata.org/entity/Q63982867,North Sister
http://www.wikidata.org/entity/Q63982870,Daniels Glacier
http://www.wikidata.org/entity/Q63982871,Three Forks Park
http://www.wikidata.org/entity/Q63982872,Cima Cadini di San Lucano
http://www.wikidata.org/entity/Q63983321,Far North Glacier
http://www.wikidata.org/entity/Q63985534,Unnamed Glacier (G207395E60779N)
http://www.wikidata.org/entity/Q63985535,Unnamed Glacier (G207226E60737N)
http://www.wikidata.org/entity/Q63985536,Unnamed Glacier (G207242E60764N)
http://www.wikidata.org/entity/Q63985537,Unnamed Glacier (G207275E60769N)
http://www.wikidata.org/entity/Q63985538,Unnamed Glacier (G207296E60776N)
http://www.wikidata.org/entity/Q63985539,Unnamed Glacier (G207329E60779N)
http://www.wikidata.org/entity/Q63985540,Unnamed Glacier (G207378E60811N)
http://www.wikidata.org/entity/Q63985543,Unnamed Glacier (G207413E60775N)
http://www.wikidata.org/entity/Q63985544,Unnamed Glacier (G207435E60739N)
http://www.wikidata.org/entity/Q63985545,Unnamed Glacier (G207502E60736N)
http://www.wikidata.org/entity/Q64140478,Abay Glacier
http://www.wikidata.org/entity/Q64141379,Antizana 15 Alpha Glacier
http://www.wikidata.org/entity/Q64141380,Amarillo Glacier
http://www.wikidata.org/entity/Q64141381,Alerce Glacier
http://www.wikidata.org/entity/Q64141382,Aida Glacier
http://www.wikidata.org/entity/Q64141383,Balfour Glacier
http://www.wikidata.org/entity/Q64141384,Arenales Glacier
http://www.wikidata.org/entity/Q64141385,Ameghino Glacier
http://www.wikidata.org/entity/Q64141386,Ventisquero Brujo
http://www.wikidata.org/entity/Q64141387,Cerro Balmaceda
http://www.wikidata.org/entity/Q64141394,Bahia Del Diablo Glacier
http://www.wikidata.org/entity/Q64141401,Aleutian Range
http://www.wikidata.org/entity/Q64141402,Alsek River
http://www.wikidata.org/entity/Q64141403,Antisana Volcán
http://www.wikidata.org/entity/Q64141405,Bakus Glacier
http://www.wikidata.org/entity/Q64141470,Ax010 Glacier
http://www.wikidata.org/entity/Q64141471,Ama Dablam Glacier
http://www.wikidata.org/entity/Q64141473,Amphu Laptse Glacier
http://www.wikidata.org/entity/Q64141557,Avalanche Canyon
http://www.wikidata.org/entity/Q64141558,Aiguille du Dru
http://www.wikidata.org/entity/Q64141563,Ammertengletscher
http://www.wikidata.org/entity/Q64141564,Alpetli Glacier
http://www.wikidata.org/entity/Q64141566,Bächligletscher
http://www.wikidata.org/entity/Q64141567,Bailey Range
http://www.wikidata.org/entity/Q64141568,Bacon Peak
http://www.wikidata.org/entity/Q64141570,Altyn Peak
http://www.wikidata.org/entity/Q64141571,Ahern Pass
http://www.wikidata.org/entity/Q64141576,Aniakchak Crater
http://www.wikidata.org/entity/Q64141580,Adams Inlet
http://www.wikidata.org/entity/Q64141581,Alsek Lake
http://www.wikidata.org/entity/Q64141582,Augustine Island
http://www.wikidata.org/entity/Q64141584,Akuluktok Peak
http://www.wikidata.org/entity/Q64141585,Anchor Glacier
http://www.wikidata.org/entity/Q64141587,Bainbridge Glacier
http://www.wikidata.org/entity/Q64141590,Agassiz Lakes
http://www.wikidata.org/entity/Q64141592,Barkley Ridge
http://www.wikidata.org/entity/Q64141593,Baltimore Glacier
http://www.wikidata.org/entity/Q64141600,Austre Okstindbreen Glacier
http://www.wikidata.org/entity/Q64141602,Arrigetch Creek
http://www.wikidata.org/entity/Q64141603,Arrigetch Peaks
http://www.wikidata.org/entity/Q64141605,Baffin Island
http://www.wikidata.org/entity/Q64141607,Avangnardleq Glacier
http://www.wikidata.org/entity/Q64141608,Baffin Bay
http://www.wikidata.org/entity/Q64141610,Agpat Glacier
http://www.wikidata.org/entity/Q64141612,Austre Torrell Glacier
http://www.wikidata.org/entity/Q64141615,Austre Lovenbreen Glacier
http://www.wikidata.org/entity/Q64141617,Austre Broggerbreen Glacier
http://www.wikidata.org/entity/Q64141619,Adams Glacier
http://www.wikidata.org/entity/Q64141896,Carstensz Pyramid Glacier
http://www.wikidata.org/entity/Q64141897,Brewster Glacier
http://www.wikidata.org/entity/Q64141898,Benito Glacier
http://www.wikidata.org/entity/Q64141900,Glaciar Bernardo
http://www.wikidata.org/entity/Q64141901,Bravo (Rivera) Glacier
http://www.wikidata.org/entity/Q95218790,Q95218790
http://www.wikidata.org/entity/Q95571273,Q95571273
http://www.wikidata.org/entity/Q96600870,Q96600870
http://www.wikidata.org/entity/Q96743249,Q96743249
http://www.wikidata.org/entity/Q96743262,Q96743262
http://www.wikidata.org/entity/Q96743269,Q96743269
http://www.wikidata.org/entity/Q100319346,Vadret da Radönt
http://www.wikidata.org/entity/Q101001974,Q101001974
http://www.wikidata.org/entity/Q64141902,Bruggen (Pio XI) Glacier
http://www.wikidata.org/entity/Q64141904,Calvo Glacier
http://www.wikidata.org/entity/Q64141924,Barranca del Ventorrillo
http://www.wikidata.org/entity/Q64141925,Black Glacier
http://www.wikidata.org/entity/Q64141927,Brooks Range
http://www.wikidata.org/entity/Q64141929,Carnivore Creek
http://www.wikidata.org/entity/Q64141984,Biafo Gyang Glacier
http://www.wikidata.org/entity/Q64141985,Blanca Peak Glacier
http://www.wikidata.org/entity/Q64141986,Blacktop Peak Glacier
http://www.wikidata.org/entity/Q64141988,Bear Lake Glacier
http://www.wikidata.org/entity/Q64141989,Big Agnes Mountain Glacier
http://www.wikidata.org/entity/Q64141990,Calderone Glacier
http://www.wikidata.org/entity/Q64141992,Bogatyr Glacier
http://www.wikidata.org/entity/Q64141993,Bezengi Glacier
http://www.wikidata.org/entity/Q64141994,Bradley Lake
http://www.wikidata.org/entity/Q64141995,Bassac Glacier
http://www.wikidata.org/entity/Q64141998,Bionnassay Glacier
http://www.wikidata.org/entity/Q64141999,Becca di Luseney Glacier
http://www.wikidata.org/entity/Q64142002,Breithorn Glacier
http://www.wikidata.org/entity/Q64142008,Bella Tola Glacier
http://www.wikidata.org/entity/Q64142009,Vardet dal Cambrena Glacier
http://www.wikidata.org/entity/Q64142012,Campo Sett. Glacier
http://www.wikidata.org/entity/Q64142013,Ghiacciaio di Cima Careser
http://www.wikidata.org/entity/Q64142015,Bresciana Glacier
http://www.wikidata.org/entity/Q64142016,Blüemlisalpgletscher
http://www.wikidata.org/entity/Q64142017,Calderas Glacier
http://www.wikidata.org/entity/Q64142021,Blau-Eis Glacier
http://www.wikidata.org/entity/Q64142023,Cardinal Peak
http://www.wikidata.org/entity/Q64142025,Bonanza Peak
http://www.wikidata.org/entity/Q64142029,Carcajou Lake
http://www.wikidata.org/entity/Q64142031,Cameron Lake
http://www.wikidata.org/entity/Q64142032,Carlisle Island
http://www.wikidata.org/entity/Q64142033,Boundary Glacier (Prince of Wales)
http://www.wikidata.org/entity/Q64142035,Bell-Irving River Glacier
http://www.wikidata.org/entity/Q64142036,Blue Lake Glacier
http://www.wikidata.org/entity/Q64142037,Blue River (Alaska)
http://www.wikidata.org/entity/Q64142039,Bowser Lake Glacier
http://www.wikidata.org/entity/Q64142085,Bradfield Glacier
http://www.wikidata.org/entity/Q64142117,Cape Douglas Glacier
http://www.wikidata.org/entity/Q64142118,Burroughs Glacier
http://www.wikidata.org/entity/Q64142120,Battle Lake
http://www.wikidata.org/entity/Q64142121,Bertha Glacier
http://www.wikidata.org/entity/Q64142122,Boundary Glacier (British Columbia)
http://www.wikidata.org/entity/Q64142123,Boundary Glacier (Haines)
http://www.wikidata.org/entity/Q64142124,Blue River (British Columbia)
http://www.wikidata.org/entity/Q64142126,Blizhni Point
http://www.wikidata.org/entity/Q64142128,Black Glacier (Alaska)
http://www.wikidata.org/entity/Q64142129,Cape Suckling
http://www.wikidata.org/entity/Q64142132,Cape Yakataga
http://www.wikidata.org/entity/Q64142133,Beloit Glacier
http://www.wikidata.org/entity/Q64142135,Blackstone Bay
http://www.wikidata.org/entity/Q64142136,Barkley Lake
http://www.wikidata.org/entity/Q64142137,Big River Lobe Double Glacier
http://www.wikidata.org/entity/Q64142138,Busby Island
http://www.wikidata.org/entity/Q64142141,Barry Arm
http://www.wikidata.org/entity/Q64142142,Barry Glacier
http://www.wikidata.org/entity/Q64142143,Camicia Glacier
http://www.wikidata.org/entity/Q64142145,Boeyabreen Glacier
http://www.wikidata.org/entity/Q64142146,Blabreen Glacier
http://www.wikidata.org/entity/Q64142151,Boedalsbreen Glacier
http://www.wikidata.org/entity/Q64142153,Black River
http://www.wikidata.org/entity/Q64142154,Broad Pass
http://www.wikidata.org/entity/Q64142155,Canwell Glacier
http://www.wikidata.org/entity/Q64142156,Cantwell Creek
http://www.wikidata.org/entity/Q64142158,Black Rapids Glacier
http://www.wikidata.org/entity/Q64142159,Berry Creek
http://www.wikidata.org/entity/Q64142160,Broughton Island
http://www.wikidata.org/entity/Q64142162,Canning River
http://www.wikidata.org/entity/Q64142165,Carlos Glacier
http://www.wikidata.org/entity/Q64142166,Bowdoin Glacier
http://www.wikidata.org/entity/Q64142168,Berlin Glacier
http://www.wikidata.org/entity/Q64142169,Berlingske Glacier
http://www.wikidata.org/entity/Q64142171,Brother Johns Glacier
http://www.wikidata.org/entity/Q64142172,Bissels Glacier
http://www.wikidata.org/entity/Q64142256,Chimborazo
http://www.wikidata.org/entity/Q64142257,Chacaltaya Glacier
http://www.wikidata.org/entity/Q64142258,Echaurren Norte Glacier
http://www.wikidata.org/entity/Q64142260,Frías Glacier (Ventisquero Frías)
http://www.wikidata.org/entity/Q64142261,Castano Overo Glacier
http://www.wikidata.org/entity/Q64142262,Fox Glacier / Te Moeka o Tuawe
http://www.wikidata.org/entity/Q64142263,Dart Glacier
http://www.wikidata.org/entity/Q64142265,Fiero Glacier
http://www.wikidata.org/entity/Q64142266,Fraenkel Glacier
http://www.wikidata.org/entity/Q64142268,Chico Glacier
http://www.wikidata.org/entity/Q64142269,De Los Tres Glacier
http://www.wikidata.org/entity/Q64142326,Cerro Agassiz Sur
http://www.wikidata.org/entity/Q64142374,Europa Glacier
http://www.wikidata.org/entity/Q64142400,Fimbul Ice Shelf
http://www.wikidata.org/entity/Q64142430,Cascade Mountains
http://www.wikidata.org/entity/Q64142464,Cataract Creek
http://www.wikidata.org/entity/Q64142466,Cathedral Mountain
http://www.wikidata.org/entity/Q64142467,Chilkat River
http://www.wikidata.org/entity/Q64142468,Chisana River
http://www.wikidata.org/entity/Q64142469,Chulitna River
http://www.wikidata.org/entity/Q64142471,Columbia Bay
http://www.wikidata.org/entity/Q64142472,Cordillera Blanca
http://www.wikidata.org/entity/Q64142473,Cordillera Vilcabamba
http://www.wikidata.org/entity/Q64142475,Cortina d'Ampezzo
http://www.wikidata.org/entity/Q64142500,Darialis Kheoba
http://www.wikidata.org/entity/Q64142547,Cerro Popocatépetl
http://www.wikidata.org/entity/Q101245580,Dakshini Nanda Devi Glacier
http://www.wikidata.org/entity/Q101245581,Dakshini Rishi Glacier
http://www.wikidata.org/entity/Q101245582,Dokriani Glacier
http://www.wikidata.org/entity/Q101245583,Ghanohim Bamak
http://www.wikidata.org/entity/Q101245584,Jaundhar Glacier
http://www.wikidata.org/entity/Q101245585,Kedar Bamak Glacier
http://www.wikidata.org/entity/Q101245587,Lawan Glacier
http://www.wikidata.org/entity/Q101245588,Maiandi Bamak
http://www.wikidata.org/entity/Q101245602,Swachhand Glacier
http://www.wikidata.org/entity/Q101245603,Swetvarn Glacier
http://www.wikidata.org/entity/Q101245608,Uttari Rishi Glacier
http://www.wikidata.org/entity/Q101245610,BCB Glacier (bcb land)
http://www.wikidata.org/entity/Q101245615,Chandra Nahan Glacier
http://www.wikidata.org/entity/Q101245618,North Dakka Glacier
http://www.wikidata.org/entity/Q101245619,Gora Glacier
http://www.wikidata.org/entity/Q101245620,The Lady of Keylong
http://www.wikidata.org/entity/Q101245622,Mukkila Glacier
http://www.wikidata.org/entity/Q101245623,Parbati and Dudhon
http://www.wikidata.org/entity/Q101245626,Sonapani Glacier
http://www.wikidata.org/entity/Q101245627,Gara
http://www.wikidata.org/entity/Q101245628,Gor Gorang
http://www.wikidata.org/entity/Q101245629,Shaune Gorang
http://www.wikidata.org/entity/Q101245630,Nagpo Tokpo
http://www.wikidata.org/entity/Q101245631,Kangto Glacier
http://www.wikidata.org/entity/Q101245634,Mazgol Glacier
http://www.wikidata.org/entity/Q101245635,Chong Kmdan Glacier
http://www.wikidata.org/entity/Q101245636,Kazi N Glacier
http://www.wikidata.org/entity/Q101245638,Shirwali Glacier
http://www.wikidata.org/entity/Q64142548,Duwo Glacier
http://www.wikidata.org/entity/Q64142549,G4 Glacier
http://www.wikidata.org/entity/Q64142551,G3 Glacier
http://www.wikidata.org/entity/Q64142556,Gibbs Canyon
http://www.wikidata.org/entity/Q64142558,Dana Glacier (California)
http://www.wikidata.org/entity/Q64142559,Conejeras Glacier
http://www.wikidata.org/entity/Q64142561,Fryingpan Basin
http://www.wikidata.org/entity/Q64142642,Fremont Lake
http://www.wikidata.org/entity/Q64142643,Dzhambul Glacier
http://www.wikidata.org/entity/Q64142645,Mq’invari Ch’alaati
http://www.wikidata.org/entity/Q64142646,Gannett Peak
http://www.wikidata.org/entity/Q64142647,Djankuat Glacier
http://www.wikidata.org/entity/Q64142648,Garabashi Glacier
http://www.wikidata.org/entity/Q64142650,Downs Mountain
http://www.wikidata.org/entity/Q64142653,Cloud Peak
http://www.wikidata.org/entity/Q64142655,Glacier de Gebraoulaz
http://www.wikidata.org/entity/Q64142657,Entrèves
http://www.wikidata.org/entity/Q64142659,Chamonix Mont-Blanc
http://www.wikidata.org/entity/Q64142676,Dent d' Herens
http://www.wikidata.org/entity/Q64142721,Glacier de l' En Darrey
http://www.wikidata.org/entity/Q64142722,Gabelhorngletscher
http://www.wikidata.org/entity/Q64142723,Feegletscher
http://www.wikidata.org/entity/Q64142726,Euseigne
http://www.wikidata.org/entity/Q64142727,Disgrazia Glacier
http://www.wikidata.org/entity/Q64142728,Geltengletscher
http://www.wikidata.org/entity/Q64142730,Tungelgletscher
http://www.wikidata.org/entity/Q64142731,Forni Glacier
http://www.wikidata.org/entity/Q64142732,Vadret dal Corvatsch
http://www.wikidata.org/entity/Q64142734,Croslina Glacier
http://www.wikidata.org/entity/Q64142735,Ghiacciaio del Corno
http://www.wikidata.org/entity/Q64142736,Doldenhorn Glacier
http://www.wikidata.org/entity/Q64142739,Croda da Lago
http://www.wikidata.org/entity/Q64142740,Chüeboden Glacier
http://www.wikidata.org/entity/Q64142742,Gamchi Glacier
http://www.wikidata.org/entity/Q64142744,Finsteraargletscher
http://www.wikidata.org/entity/Q64142750,Fiammes
http://www.wikidata.org/entity/Q64142753,Firnalpeligletscher
http://www.wikidata.org/entity/Q64142754,Claridenfirn Glacier
http://www.wikidata.org/entity/Q64142760,Fay Peak
http://www.wikidata.org/entity/Q64142761,Furggen Ridge
http://www.wikidata.org/entity/Q64142763,Chimney Rock
http://www.wikidata.org/entity/Q64142764,Daniels Glacier
http://www.wikidata.org/entity/Q64142765,Delabarre Glacier
http://www.wikidata.org/entity/Q64142767,Columbia Peak
http://www.wikidata.org/entity/Q64142770,Emerald Peak
http://www.wikidata.org/entity/Q64142773,Fortress Mountain
http://www.wikidata.org/entity/Q64142774,Cloudy Pass
http://www.wikidata.org/entity/Q64142775,Cascade Pass
http://www.wikidata.org/entity/Q64142777,Doubtful Lake
http://www.wikidata.org/entity/Q64142778,Edwards Mountain
http://www.wikidata.org/entity/Q64142779,Fusillade Mountain
http://www.wikidata.org/entity/Q64142780,Clements Mountain
http://www.wikidata.org/entity/Q64142782,Cataract Mountain
http://www.wikidata.org/entity/Q64142783,Cracker Mine
http://www.wikidata.org/entity/Q64142787,Chapman Peak
http://www.wikidata.org/entity/Q64142789,Chuginadak Island
http://www.wikidata.org/entity/Q64142791,Frosty Peak
http://www.wikidata.org/entity/Q64142792,Chickamin Glacier (Alaska)
http://www.wikidata.org/entity/Q64142862,Craig River
http://www.wikidata.org/entity/Q64142863,Deltaic Creek
http://www.wikidata.org/entity/Q64142864,Duti River
http://www.wikidata.org/entity/Q64142866,Finlay River
http://www.wikidata.org/entity/Q64142867,Fredrikson Lake
http://www.wikidata.org/entity/Q64142868,Farragut River Glacier
http://www.wikidata.org/entity/Q64142870,Frederick Sound
http://www.wikidata.org/entity/Q64142871,Dawes Glacier
http://www.wikidata.org/entity/Q64142872,Endicott Arm
http://www.wikidata.org/entity/Q64142875,Cold Fish Lake
http://www.wikidata.org/entity/Q64142878,Dakavak Lake
http://www.wikidata.org/entity/Q64142880,Katmai Glacier
http://www.wikidata.org/entity/Q64142882,Fairweather Range
http://www.wikidata.org/entity/Q64142884,Dundas Glacier
http://www.wikidata.org/entity/Q64142885,Geikie Inlet
http://www.wikidata.org/entity/Q64142889,East Twin Glacier
http://www.wikidata.org/entity/Q64142890,Favorite Glacier
http://www.wikidata.org/entity/Q64142892,Charpentier Glacier
http://www.wikidata.org/entity/Q64142896,Composite Island
http://www.wikidata.org/entity/Q64142901,Cushing Glacier
http://www.wikidata.org/entity/Q64142902,Cassiar Mountains
http://www.wikidata.org/entity/Q64142904,Garrison Glacier
http://www.wikidata.org/entity/Q64142907,Denver Glacier
http://www.wikidata.org/entity/Q64142909,East Fork Skagway River
http://www.wikidata.org/entity/Q64142912,Dinglestadt Glacier
http://www.wikidata.org/entity/Q64142913,Chernof Glacier
http://www.wikidata.org/entity/Q64142915,Chinitna Bay
http://www.wikidata.org/entity/Q64142917,Fallen Glacier
http://www.wikidata.org/entity/Q64142919,Excelsior Glacier
http://www.wikidata.org/entity/Q64142920,Chikuminuk Lake
http://www.wikidata.org/entity/Q64142921,Duktoth River
http://www.wikidata.org/entity/Q64142922,Crescent Lake
http://www.wikidata.org/entity/Q64142924,Deadman Glacier
http://www.wikidata.org/entity/Q64142927,Columbus Glacier
http://www.wikidata.org/entity/Q64142930,Drift Glacier
http://www.wikidata.org/entity/Q64142931,Drift River
http://www.wikidata.org/entity/Q64142932,Concordia Glacier
http://www.wikidata.org/entity/Q64142934,Fan Glacier
http://www.wikidata.org/entity/Q64142935,Eagle Glacier (Anchorage)
http://www.wikidata.org/entity/Q64142936,College Fiord
http://www.wikidata.org/entity/Q64142940,Ch'akajabena Lake
http://www.wikidata.org/entity/Q64142943,Eklutna Lake
http://www.wikidata.org/entity/Q64142945,Faabergstoelsbreen Glacier
http://www.wikidata.org/entity/Q64142946,Chisana Glacier
http://www.wikidata.org/entity/Q64142948,Copper Glacier
http://www.wikidata.org/entity/Q64142949,Chetaslina Glacier
http://www.wikidata.org/entity/Q64142950,Chickaloon Glacier
http://www.wikidata.org/entity/Q64142951,Chickaloon River
http://www.wikidata.org/entity/Q64142953,Donjek River
http://www.wikidata.org/entity/Q64142954,East Fork Chistochina River
http://www.wikidata.org/entity/Q64142956,Denali
http://www.wikidata.org/entity/Q64142958,Delta River
http://www.wikidata.org/entity/Q64142959,Chistochina Glacier
http://www.wikidata.org/entity/Q64142960,Gakona Glacier
http://www.wikidata.org/entity/Q64142961,Easy Pass
http://www.wikidata.org/entity/Q64142963,Gerstle Glacier
http://www.wikidata.org/entity/Q64142964,Chief Creek
http://www.wikidata.org/entity/Q64142965,Færingehavn
http://www.wikidata.org/entity/Q64142967,Delta Creek
http://www.wikidata.org/entity/Q64142968,Falljökull
http://www.wikidata.org/entity/Q64142969,Gerstle River
http://www.wikidata.org/entity/Q64142972,Engabreen Glacier
http://www.wikidata.org/entity/Q64142973,Egedesminde
http://www.wikidata.org/entity/Q64142974,Christianshaab
http://www.wikidata.org/entity/Q64142976,Disko Island
http://www.wikidata.org/entity/Q64142977,Freya Glacier
http://www.wikidata.org/entity/Q64142978,Dietrichson Glacier
http://www.wikidata.org/entity/Q64142979,Døcker Smith Gletscher
http://www.wikidata.org/entity/Q64142981,Dundas / Thule / Umanák
http://www.wikidata.org/entity/Q64142982,Finsterwalderbreen Glacier
http://www.wikidata.org/entity/Q64142984,Diebitsch Glacier
http://www.wikidata.org/entity/Q64142987,Dodge Glacier
http://www.wikidata.org/entity/Q64142988,Ellesmere Island
http://www.wikidata.org/entity/Q64143088,Hoodoo Mountain
http://www.wikidata.org/entity/Q64143089,Gladys Lake
http://www.wikidata.org/entity/Q64143092,Hamaguri Yuki Glacier
http://www.wikidata.org/entity/Q64143093,Höllental-Ferner Glacier
http://www.wikidata.org/entity/Q64143096,Heinabergsjökull
http://www.wikidata.org/entity/Q64143098,Hardangerjoekulen Glacier
http://www.wikidata.org/entity/Q64143099,Hellstugubreen Glacier
http://www.wikidata.org/entity/Q64143103,Hansebreen Glacier
http://www.wikidata.org/entity/Q64143107,Holsteinborg
http://www.wikidata.org/entity/Q64143108,Godhavn
http://www.wikidata.org/entity/Q64143110,Great Karajak Glacier
http://www.wikidata.org/entity/Q64143111,Hayes Glacier (Greenland)
http://www.wikidata.org/entity/Q64143113,Hart Glacier (Greenland)
http://www.wikidata.org/entity/Q64143116,Gora Kazbek
http://www.wikidata.org/entity/Q64143117,Grosse Glacier
http://www.wikidata.org/entity/Q64143119,HPN 1 Glacier
http://www.wikidata.org/entity/Q64143120,HPN 2 Glacier
http://www.wikidata.org/entity/Q64143121,HPN 4 Glacier
http://www.wikidata.org/entity/Q64143122,Greve Glacier
http://www.wikidata.org/entity/Q64143124,HPS 10 Glacier
http://www.wikidata.org/entity/Q64143125,HPS 12 Glacier
http://www.wikidata.org/entity/Q64143126,HPS 13 Glacier
http://www.wikidata.org/entity/Q64143128,HPS 15 Glacier
http://www.wikidata.org/entity/Q64143129,Guilardi Glacier
http://www.wikidata.org/entity/Q64143130,HPS 29 Glacier
http://www.wikidata.org/entity/Q64143132,HPS 31 Glacier
http://www.wikidata.org/entity/Q64143133,HPS 34 Glacier
http://www.wikidata.org/entity/Q64143191,Guanaco Glacier
http://www.wikidata.org/entity/Q64143192,HPS 28 Glacier
http://www.wikidata.org/entity/Q64143221,Glacier Lakes
http://www.wikidata.org/entity/Q104551128,Q104551128
http://www.wikidata.org/entity/Q104907223,Q104907223
http://www.wikidata.org/entity/Q105637486,Dakshini Nanda Devi Glacier
http://www.wikidata.org/entity/Q105827594,Q105827594
http://www.wikidata.org/entity/Q106464385,Q106464385
http://www.wikidata.org/entity/Q106608793,Thulagi glacier
http://www.wikidata.org/entity/Q106795676,Gozenzawa Glacier
http://www.wikidata.org/entity/Q106795685,Yamatari Glacier
