item,itemLabel,itemDescription
http://www.wikidata.org/entity/Q13172674,Saz-Jailoo Glacier,glacier in Kyrgyzstan
http://www.wikidata.org/entity/Q12718570,Q12718570,
http://www.wikidata.org/entity/Q12719006,Q12719006,
http://www.wikidata.org/entity/Q12719452,Q12719452,
http://www.wikidata.org/entity/Q13165279,Q13165279,
http://www.wikidata.org/entity/Q13165506,Q13165506,
http://www.wikidata.org/entity/Q13165848,Q13165848,
http://www.wikidata.org/entity/Q13165942,Q13165942,
http://www.wikidata.org/entity/Q13166117,Q13166117,
http://www.wikidata.org/entity/Q13166218,Q13166218,
http://www.wikidata.org/entity/Q13166384,Q13166384,
http://www.wikidata.org/entity/Q13166533,Q13166533,
http://www.wikidata.org/entity/Q13166921,Q13166921,
http://www.wikidata.org/entity/Q13166937,Q13166937,
http://www.wikidata.org/entity/Q13167083,Q13167083,
http://www.wikidata.org/entity/Q13167493,Q13167493,
http://www.wikidata.org/entity/Q13167576,Q13167576,
http://www.wikidata.org/entity/Q13168072,Q13168072,
http://www.wikidata.org/entity/Q13168099,Q13168099,
http://www.wikidata.org/entity/Q13168102,Q13168102,
http://www.wikidata.org/entity/Q13168146,Q13168146,
http://www.wikidata.org/entity/Q13168392,Q13168392,
http://www.wikidata.org/entity/Q13168491,Q13168491,
http://www.wikidata.org/entity/Q13168989,Q13168989,
http://www.wikidata.org/entity/Q13170344,Q13170344,
http://www.wikidata.org/entity/Q13170479,Q13170479,
http://www.wikidata.org/entity/Q13171120,Q13171120,
http://www.wikidata.org/entity/Q13171572,Q13171572,
http://www.wikidata.org/entity/Q13171573,Q13171573,
http://www.wikidata.org/entity/Q13171686,Q13171686,
http://www.wikidata.org/entity/Q13171715,Q13171715,
http://www.wikidata.org/entity/Q13171781,Q13171781,
http://www.wikidata.org/entity/Q13172181,Q13172181,
http://www.wikidata.org/entity/Q13173222,Q13173222,
http://www.wikidata.org/entity/Q13173482,Q13173482,
http://www.wikidata.org/entity/Q13174517,Q13174517,
http://www.wikidata.org/entity/Q13175291,Q13175291,
http://www.wikidata.org/entity/Q16274492,Q16274492,
http://www.wikidata.org/entity/Q16749690,Bohinj Glacier,
http://www.wikidata.org/entity/Q19521152,Q19521152,
http://www.wikidata.org/entity/Q20098514,Q20098514,
http://www.wikidata.org/entity/Q20552414,Q20552414,
http://www.wikidata.org/entity/Q20615610,Q20615610,
http://www.wikidata.org/entity/Q20616565,Q20616565,
http://www.wikidata.org/entity/Q20619133,Q20619133,
http://www.wikidata.org/entity/Q20620486,Q20620486,
http://www.wikidata.org/entity/Q20621193,Q20621193,
http://www.wikidata.org/entity/Q20621299,Q20621299,
http://www.wikidata.org/entity/Q20621353,Q20621353,
http://www.wikidata.org/entity/Q20622470,Q20622470,
http://www.wikidata.org/entity/Q20622537,Q20622537,
http://www.wikidata.org/entity/Q20623949,Q20623949,
http://www.wikidata.org/entity/Q20624438,Q20624438,
http://www.wikidata.org/entity/Q20624541,Q20624541,
http://www.wikidata.org/entity/Q20624561,Q20624561,
http://www.wikidata.org/entity/Q20624739,Q20624739,
http://www.wikidata.org/entity/Q20624836,Q20624836,
http://www.wikidata.org/entity/Q20624880,Q20624880,
http://www.wikidata.org/entity/Q20624907,Q20624907,
http://www.wikidata.org/entity/Q20625309,Q20625309,
http://www.wikidata.org/entity/Q20625637,Q20625637,
http://www.wikidata.org/entity/Q20625818,Q20625818,
http://www.wikidata.org/entity/Q20625953,Q20625953,
http://www.wikidata.org/entity/Q20625995,Q20625995,
http://www.wikidata.org/entity/Q20626007,Q20626007,
http://www.wikidata.org/entity/Q20626010,Q20626010,
http://www.wikidata.org/entity/Q20626055,Q20626055,
http://www.wikidata.org/entity/Q20626182,Q20626182,
http://www.wikidata.org/entity/Q20626215,Q20626215,
http://www.wikidata.org/entity/Q20626444,Q20626444,
http://www.wikidata.org/entity/Q20626466,Q20626466,
http://www.wikidata.org/entity/Q20626469,Q20626469,
http://www.wikidata.org/entity/Q20626765,Q20626765,
http://www.wikidata.org/entity/Q20627118,Q20627118,
http://www.wikidata.org/entity/Q20627195,Q20627195,
http://www.wikidata.org/entity/Q20627200,Q20627200,
http://www.wikidata.org/entity/Q20627434,Q20627434,
http://www.wikidata.org/entity/Q20627810,Q20627810,
http://www.wikidata.org/entity/Q20628301,Q20628301,
http://www.wikidata.org/entity/Q20628333,Q20628333,
http://www.wikidata.org/entity/Q20628443,Q20628443,
http://www.wikidata.org/entity/Q20628458,Q20628458,
http://www.wikidata.org/entity/Q20629249,Q20629249,
http://www.wikidata.org/entity/Q20629278,Q20629278,
http://www.wikidata.org/entity/Q20629284,Q20629284,
http://www.wikidata.org/entity/Q20629307,Q20629307,
http://www.wikidata.org/entity/Q20629327,Q20629327,
http://www.wikidata.org/entity/Q20629394,Q20629394,
http://www.wikidata.org/entity/Q20629539,Q20629539,
http://www.wikidata.org/entity/Q20629671,Q20629671,
http://www.wikidata.org/entity/Q20629684,Q20629684,
http://www.wikidata.org/entity/Q20629714,Q20629714,
http://www.wikidata.org/entity/Q20629898,Q20629898,
http://www.wikidata.org/entity/Q16548045,Triglav glacier,glacier in Slovenian Alps
http://www.wikidata.org/entity/Q12865756,Kibishi Glaciar,
http://www.wikidata.org/entity/Q19937025,Soški ledenik,
http://www.wikidata.org/entity/Q7986618,West Svartisen Ice-cap,
http://www.wikidata.org/entity/Q11882032,Melkevollbreen,
http://www.wikidata.org/entity/Q5104935,Chorabari Glacier,glacier in India
http://www.wikidata.org/entity/Q63982826,North Peak,glacier in Arctic Ocean
http://www.wikidata.org/entity/Q20629909,Q20629909,
http://www.wikidata.org/entity/Q63982844,Cascade Iceworn Glacier,glacier in United States; Canada
http://www.wikidata.org/entity/Q63982840,Kviarjökull,glacier in Georgia; Russian Federation
http://www.wikidata.org/entity/Q25576932,Q25576932,
http://www.wikidata.org/entity/Q25577252,Q25577252,
http://www.wikidata.org/entity/Q25577253,Q25577253,
http://www.wikidata.org/entity/Q25577269,Q25577269,
http://www.wikidata.org/entity/Q25577555,Q25577555,
http://www.wikidata.org/entity/Q25577561,Q25577561,
http://www.wikidata.org/entity/Q25577596,Q25577596,
http://www.wikidata.org/entity/Q25577943,Q25577943,
http://www.wikidata.org/entity/Q25578342,Q25578342,
http://www.wikidata.org/entity/Q25578476,Q25578476,
http://www.wikidata.org/entity/Q25580190,Q25580190,
http://www.wikidata.org/entity/Q25580701,Q25580701,
http://www.wikidata.org/entity/Q25580792,Q25580792,
http://www.wikidata.org/entity/Q25581498,Q25581498,
http://www.wikidata.org/entity/Q25582390,Q25582390,
http://www.wikidata.org/entity/Q25582705,Q25582705,
http://www.wikidata.org/entity/Q25582862,Q25582862,
http://www.wikidata.org/entity/Q25584820,Q25584820,
http://www.wikidata.org/entity/Q23803396,Darai-Pioz glacier,"Darai-Pioz massif (Zeravshan range), Alay mountains, Tian Shan, Tajikistan"
http://www.wikidata.org/entity/Q63982849,Lake Sevan,glacier in United States; Canada
http://www.wikidata.org/entity/Q31445682,Q31445682,
http://www.wikidata.org/entity/Q31445691,Q31445691,
http://www.wikidata.org/entity/Q31445689,Q31445689,
http://www.wikidata.org/entity/Q31445693,Q31445693,
http://www.wikidata.org/entity/Q31445696,Q31445696,
http://www.wikidata.org/entity/Q31445700,Q31445700,
http://www.wikidata.org/entity/Q31445707,Q31445707,
http://www.wikidata.org/entity/Q31445705,Q31445705,
http://www.wikidata.org/entity/Q31445713,Q31445713,
http://www.wikidata.org/entity/Q31445722,Q31445722,
http://www.wikidata.org/entity/Q31445720,Q31445720,
http://www.wikidata.org/entity/Q31445721,Q31445721,
http://www.wikidata.org/entity/Q31445726,Q31445726,
http://www.wikidata.org/entity/Q31445727,Q31445727,
http://www.wikidata.org/entity/Q31445725,Q31445725,
http://www.wikidata.org/entity/Q31445731,Q31445731,
http://www.wikidata.org/entity/Q31445728,Q31445728,
http://www.wikidata.org/entity/Q31445729,Q31445729,
http://www.wikidata.org/entity/Q31445735,Q31445735,
http://www.wikidata.org/entity/Q31445738,Q31445738,
http://www.wikidata.org/entity/Q31445739,Q31445739,
http://www.wikidata.org/entity/Q31445737,Q31445737,
http://www.wikidata.org/entity/Q31445742,Q31445742,
http://www.wikidata.org/entity/Q31445744,Q31445744,
http://www.wikidata.org/entity/Q31445745,Q31445745,
http://www.wikidata.org/entity/Q31445749,Q31445749,
http://www.wikidata.org/entity/Q31445754,Q31445754,
http://www.wikidata.org/entity/Q31445755,Q31445755,
http://www.wikidata.org/entity/Q31445753,Q31445753,
http://www.wikidata.org/entity/Q31445758,Q31445758,
http://www.wikidata.org/entity/Q31445759,Q31445759,
http://www.wikidata.org/entity/Q31445763,Q31445763,
http://www.wikidata.org/entity/Q31445764,Q31445764,
http://www.wikidata.org/entity/Q31445765,Q31445765,
http://www.wikidata.org/entity/Q31454982,Q31454982,
http://www.wikidata.org/entity/Q31454980,Q31454980,
http://www.wikidata.org/entity/Q31459108,Q31459108,
http://www.wikidata.org/entity/Q63977358,Martial Este Glacier,glacier in Argentina
http://www.wikidata.org/entity/Q23644117,Chisana Glacier,
http://www.wikidata.org/entity/Q63982850,Lava Fork,glacier in United States; Canada
http://www.wikidata.org/entity/Q63982813,Drift River,glacier in Antarctica
http://www.wikidata.org/entity/Q63982807,Harriman Fiord,glacier in Antarctica
http://www.wikidata.org/entity/Q21798343,Triton Glacier,glacier in Greenland
http://www.wikidata.org/entity/Q21850101,Evers Glacier,glacier in Greenland
http://www.wikidata.org/entity/Q21851068,Passage Glacier,glacier in Greenland
http://www.wikidata.org/entity/Q21853163,Jomfru Glacier,glacier in Greenland
http://www.wikidata.org/entity/Q21855144,Prinsesse Glacier,glacier in Greenland
http://www.wikidata.org/entity/Q21855224,Sefström Glacier,glacier in Greenland
http://www.wikidata.org/entity/Q21855226,Vikinge Glacier,glacier in Greenland
http://www.wikidata.org/entity/Q21855781,Vibeke Glacier,glacier in Greenland
http://www.wikidata.org/entity/Q21856762,Tvege Glacier,glacier in Greenland
http://www.wikidata.org/entity/Q21858346,Pony Glacier,glacier in Greenland
http://www.wikidata.org/entity/Q56517494,Q56517494,
http://www.wikidata.org/entity/Q56517492,Q56517492,
http://www.wikidata.org/entity/Q56517506,Q56517506,
http://www.wikidata.org/entity/Q56517523,Q56517523,
http://www.wikidata.org/entity/Q56517520,Q56517520,
http://www.wikidata.org/entity/Q56517527,Q56517527,
http://www.wikidata.org/entity/Q56517530,Q56517530,
http://www.wikidata.org/entity/Q56640686,Q56640686,
http://www.wikidata.org/entity/Q56640687,Q56640687,
http://www.wikidata.org/entity/Q56640684,Q56640684,
http://www.wikidata.org/entity/Q60968541,Q60968541,
http://www.wikidata.org/entity/Q60968613,Q60968613,
http://www.wikidata.org/entity/Q63982805,Fieschergletscher,glacier in Alps
http://www.wikidata.org/entity/Q21855512,Jupiter Glacier,glacier in Greenland
http://www.wikidata.org/entity/Q63982847,Lauteraar Glacier,glacier in United States; Canada
http://www.wikidata.org/entity/Q63982845,Bradfield Canal,glacier in United States; Canada
http://www.wikidata.org/entity/Q60526364,Brook Glacier,glacier in British Columbia in Canada
http://www.wikidata.org/entity/Q63982839,Desolation Glacier,glacier in Georgia; Russian Federation
http://www.wikidata.org/entity/Q63982848,Lednik Medvezhiy,glacier in United States; Canada
http://www.wikidata.org/entity/Q63982809,Taylor Glacier,glacier in Antarctica
http://www.wikidata.org/entity/Q63982846,Gravel Glacier,glacier in United States; Canada
http://www.wikidata.org/entity/Q57836124,Q57836124,glacier in New Zealand
http://www.wikidata.org/entity/Q63982843,Spatsizi River,glacier in United States; Canada
http://www.wikidata.org/entity/Q63871150,Iztaccihuatl Glaciers,"Glaciers in Puebla, Mexico"
http://www.wikidata.org/entity/Q63982872,Cima Cadini di San Lucano,glacier in Switzerland; Italy
http://www.wikidata.org/entity/Q64142023,Cardinal Peak,glacier in United States
http://www.wikidata.org/entity/Q64141394,Bahia Del Diablo Glacier,glacier in Antarctica
http://www.wikidata.org/entity/Q63985535,Unnamed Glacier (G207226E60737N),glacier in United States
http://www.wikidata.org/entity/Q64142132,Cape Yakataga,glacier in United States
http://www.wikidata.org/entity/Q63982864,South Sister,glacier in Chile; Argentina
http://www.wikidata.org/entity/Q64141994,Bradley Lake,glacier in United States
http://www.wikidata.org/entity/Q64141471,Ama Dablam Glacier,glacier in Nepal
http://www.wikidata.org/entity/Q64141989,Big Agnes Mountain Glacier,glacier in United States
http://www.wikidata.org/entity/Q64141387,Cerro Balmaceda,glacier in Chile
http://www.wikidata.org/entity/Q64142135,Blackstone Bay,glacier in United States
http://www.wikidata.org/entity/Q63982867,North Sister,glacier in Chile; Argentina
http://www.wikidata.org/entity/Q64141570,Altyn Peak,glacier in United States
http://www.wikidata.org/entity/Q64141580,Adams Inlet,glacier in United States
http://www.wikidata.org/entity/Q63982856,Cima di Rosso,glacier in Canada; United States
http://www.wikidata.org/entity/Q64142142,Barry Glacier,glacier in United States
http://www.wikidata.org/entity/Q64141610,Agpat Glacier,glacier in Greenland
http://www.wikidata.org/entity/Q64141380,Amarillo Glacier,glacier in Chile
http://www.wikidata.org/entity/Q64141898,Benito Glacier,glacier in Chile
http://www.wikidata.org/entity/Q64141904,Calvo Glacier,glacier in Chile
http://www.wikidata.org/entity/Q64141900,Glaciar Bernardo,glacier in Chile
http://www.wikidata.org/entity/Q64141405,Bakus Glacier,glacier in United States
http://www.wikidata.org/entity/Q64141470,Ax010 Glacier,glacier in Nepal
http://www.wikidata.org/entity/Q64141581,Alsek Lake,glacier in United States
http://www.wikidata.org/entity/Q64141590,Agassiz Lakes,glacier in United States
http://www.wikidata.org/entity/Q64141582,Augustine Island,glacier in United States
http://www.wikidata.org/entity/Q64141602,Arrigetch Creek,glacier in United States
http://www.wikidata.org/entity/Q63982871,Three Forks Park,glacier in United States; Canada
http://www.wikidata.org/entity/Q64141576,Aniakchak Crater,glacier in United States
http://www.wikidata.org/entity/Q64141382,Aida Glacier,Glacier in New Zealand
http://www.wikidata.org/entity/Q64141897,Brewster Glacier,Glacier in New Zealand
http://www.wikidata.org/entity/Q64140478,Abay Glacier,glacier in Kazakhstan
http://www.wikidata.org/entity/Q64141992,Bogatyr Glacier,glacier in Kazakhstan
http://www.wikidata.org/entity/Q64141401,Aleutian Range,glacier in United States
http://www.wikidata.org/entity/Q64141605,Baffin Island,glacier in Canada
http://www.wikidata.org/entity/Q63982854,Morells Glacier,glacier in Argentina; Chile
http://www.wikidata.org/entity/Q63982860,Yulong Glacier,glacier in Italy; Switzerland
http://www.wikidata.org/entity/Q64142039,Bowser Lake Glacier,glacier in Canada
http://www.wikidata.org/entity/Q64141402,Alsek River,glacier in United States
http://www.wikidata.org/entity/Q64141603,Arrigetch Peaks,glacier in United States
http://www.wikidata.org/entity/Q64142032,Carlisle Island,glacier in United States
http://www.wikidata.org/entity/Q63982855,Mount Jefferson,glacier in Canada; United States
http://www.wikidata.org/entity/Q64141607,Avangnardleq Glacier,glacier in Greenland
http://www.wikidata.org/entity/Q64142002,Breithorn Glacier,glacier in Switzerland
http://www.wikidata.org/entity/Q64142021,Blau-Eis Glacier,glacier in Germany
http://www.wikidata.org/entity/Q64141608,Baffin Bay,glacier in Canada
http://www.wikidata.org/entity/Q63985534,Unnamed Glacier (G207395E60779N),glacier in United States
http://www.wikidata.org/entity/Q63982853,Cedec Glacier,glacier in Argentina; Chile
http://www.wikidata.org/entity/Q64142025,Bonanza Peak,glacier in United States
http://www.wikidata.org/entity/Q64141567,Bailey Range,glacier in United States
http://www.wikidata.org/entity/Q64141985,Blanca Peak Glacier,glacier in United States
http://www.wikidata.org/entity/Q64142117,Cape Douglas Glacier,glacier in United States
http://www.wikidata.org/entity/Q64141988,Bear Lake Glacier,glacier in United States
http://www.wikidata.org/entity/Q63982870,Daniels Glacier,glacier in Georgia; Russian Federation
http://www.wikidata.org/entity/Q63982862,glacier Dent Blanche,glacier in Switzerland
http://www.wikidata.org/entity/Q63985533,Cooper Pass,glacier
http://www.wikidata.org/entity/Q63982861,Marvine Glacier,glacier in Alaska
http://www.wikidata.org/entity/Q64141568,Bacon Peak,glacier in United States
http://www.wikidata.org/entity/Q64142136,Barkley Lake,glacier in United States
http://www.wikidata.org/entity/Q64142138,Busby Island,glacier in United States
http://www.wikidata.org/entity/Q64141592,Barkley Ridge,glacier in United States
http://www.wikidata.org/entity/Q64141564,Alpetli Glacier,glacier in Switzerland
http://www.wikidata.org/entity/Q64141990,Calderone Glacier,glacier in Italy
http://www.wikidata.org/entity/Q64141999,Becca di Luseney Glacier,glacier in Italy
http://www.wikidata.org/entity/Q64141384,Arenales Glacier,glacier in Chile
http://www.wikidata.org/entity/Q64141896,Carstensz Pyramid Glacier,glacier in Indonesia
http://www.wikidata.org/entity/Q64141383,Balfour Glacier,Glacier in New Zealand
http://www.wikidata.org/entity/Q64141473,Amphu Laptse Glacier,glacier in Nepal
http://www.wikidata.org/entity/Q64142123,Boundary Glacier (Haines),glacier in United States
http://www.wikidata.org/entity/Q63983321,Far North Glacier,glacier in United States
http://www.wikidata.org/entity/Q63982865,Gualas Glacier,glacier in Chile; Argentina
http://www.wikidata.org/entity/Q64141619,Adams Glacier,glacier in Canada
http://www.wikidata.org/entity/Q64141379,Antizana 15 Alpha Glacier,glacier in Ecuador
http://www.wikidata.org/entity/Q64141584,Akuluktok Peak,glacier in United States
http://www.wikidata.org/entity/Q64142036,Blue Lake Glacier,glacier in United States
http://www.wikidata.org/entity/Q64142085,Bradfield Glacier,glacier in United States and Canada
http://www.wikidata.org/entity/Q64141557,Avalanche Canyon,glacier in United States
http://www.wikidata.org/entity/Q64141925,Black Glacier,glacier in United States
http://www.wikidata.org/entity/Q64142031,Cameron Lake,glacier in Canada
http://www.wikidata.org/entity/Q64141386,Ventisquero Brujo,glacier in Chile
http://www.wikidata.org/entity/Q64141901,Bravo (Rivera) Glacier,glacier in Chile
http://www.wikidata.org/entity/Q64142122,Boundary Glacier (British Columbia),glacier in Canada
http://www.wikidata.org/entity/Q64142029,Carcajou Lake,glacier in United States
http://www.wikidata.org/entity/Q63982857,Mount Ethel,glacier in Canada; United States
http://www.wikidata.org/entity/Q64142012,Campo Sett. Glacier,glacier in Italy
http://www.wikidata.org/entity/Q64142013,Ghiacciaio di Cima Careser,glacier in Italy
http://www.wikidata.org/entity/Q64141902,Bruggen (Pio XI) Glacier,glacier in Chile
http://www.wikidata.org/entity/Q64142035,Bell-Irving River Glacier,glacier in Canada
http://www.wikidata.org/entity/Q64142124,Blue River (British Columbia),glacier in Canada
http://www.wikidata.org/entity/Q64141403,Antisana Volcán,glacier in Ecuador
http://www.wikidata.org/entity/Q64141924,Barranca del Ventorrillo,glacier in Mexico
http://www.wikidata.org/entity/Q64141929,Carnivore Creek,glacier in United States
http://www.wikidata.org/entity/Q64141986,Blacktop Peak Glacier,glacier in United States
http://www.wikidata.org/entity/Q64141993,Bezengi Glacier,glacier in Russian Federation
http://www.wikidata.org/entity/Q64142126,Blizhni Point,glacier in United States
http://www.wikidata.org/entity/Q64142129,Cape Suckling,glacier in United States
http://www.wikidata.org/entity/Q64141927,Brooks Range,glacier in United States
http://www.wikidata.org/entity/Q64142037,Blue River (Alaska),glacier in United States
http://www.wikidata.org/entity/Q63982866,HPS 19 Glacier,glacier in Chile; Argentina
http://www.wikidata.org/entity/Q64142120,Battle Lake,glacier in United States
http://www.wikidata.org/entity/Q64142909,East Fork Skagway River,glacier in United States
http://www.wikidata.org/entity/Q64142770,Emerald Peak,glacier in United States
http://www.wikidata.org/entity/Q64142165,Carlos Glacier,glacier in Greenland
http://www.wikidata.org/entity/Q64142172,Bissels Glacier,glacier in Greenland
http://www.wikidata.org/entity/Q64142739,Croda da Lago,glacier in Italy
http://www.wikidata.org/entity/Q64142326,Cerro Agassiz Sur,glacier in Argentina; Chile
http://www.wikidata.org/entity/Q64142676,Dent d' Herens,glacier in Italy; Switzerland
http://www.wikidata.org/entity/Q64142774,Cloudy Pass,glacier in United States
http://www.wikidata.org/entity/Q64142141,Barry Arm,glacier in United States
http://www.wikidata.org/entity/Q64142872,Endicott Arm,glacier in United States
http://www.wikidata.org/entity/Q64142880,Katmai Glacier,glacier in United States
http://www.wikidata.org/entity/Q64142500,Darialis Kheoba,glacier in Georgia and Russia
http://www.wikidata.org/entity/Q64142162,Canning River,glacier in United States
http://www.wikidata.org/entity/Q64142760,Fay Peak,glacier in United States
http://www.wikidata.org/entity/Q64142467,Chilkat River,glacier in United States
http://www.wikidata.org/entity/Q64142862,Craig River,glacier in United States
http://www.wikidata.org/entity/Q64142779,Fusillade Mountain,glacier in United States
http://www.wikidata.org/entity/Q64142657,Entrèves,glacier in Italy
http://www.wikidata.org/entity/Q64142374,Europa Glacier,glacier in Chile
http://www.wikidata.org/entity/Q64142551,G3 Glacier,glacier in Bhutan
http://www.wikidata.org/entity/Q64142549,G4 Glacier,glacier in Bhutan
http://www.wikidata.org/entity/Q64142469,Chulitna River,glacier in United States
http://www.wikidata.org/entity/Q64142902,Cassiar Mountains,glacier in Canada
http://www.wikidata.org/entity/Q64142269,De Los Tres Glacier,glacier in Argentina
http://www.wikidata.org/entity/Q64142556,Gibbs Canyon,glacier in United States
http://www.wikidata.org/entity/Q64142561,Fryingpan Basin,glacier in United States
http://www.wikidata.org/entity/Q64142871,Dawes Glacier,glacier in United States
http://www.wikidata.org/entity/Q64142868,Farragut River Glacier,glacier in United States
http://www.wikidata.org/entity/Q64142882,Fairweather Range,glacier in United States
http://www.wikidata.org/entity/Q64142659,Chamonix Mont-Blanc,glacier in France
http://www.wikidata.org/entity/Q64142791,Frosty Peak,glacier in United States
http://www.wikidata.org/entity/Q64142471,Columbia Bay,glacier in United States
http://www.wikidata.org/entity/Q64142263,Dart Glacier,glacier in New Zealand
http://www.wikidata.org/entity/Q64142473,Cordillera Vilcabamba,glacier in Peru
http://www.wikidata.org/entity/Q64142782,Cataract Mountain,glacier in United States
http://www.wikidata.org/entity/Q64142890,Favorite Glacier,glacier in United States
http://www.wikidata.org/entity/Q64142878,Dakavak Lake,glacier in United States
http://www.wikidata.org/entity/Q64142655,Glacier de Gebraoulaz,glacier in France
http://www.wikidata.org/entity/Q64142864,Duti River,glacier in Canada
http://www.wikidata.org/entity/Q64142153,Black River,glacier in United States
http://www.wikidata.org/entity/Q64142642,Fremont Lake,glacier in United States
http://www.wikidata.org/entity/Q64142728,Geltengletscher,glacier in Switzerland
http://www.wikidata.org/entity/Q64142472,Cordillera Blanca,glacier in Peru
http://www.wikidata.org/entity/Q64142726,Euseigne,glacier in Switzerland
http://www.wikidata.org/entity/Q64142783,Cracker Mine,glacier in United States
http://www.wikidata.org/entity/Q64142787,Chapman Peak,glacier in United States
http://www.wikidata.org/entity/Q64142763,Chimney Rock,glacier in United States
http://www.wikidata.org/entity/Q64142558,Dana Glacier (California),glacier in United States
http://www.wikidata.org/entity/Q64142466,Cathedral Mountain,glacier in United States
http://www.wikidata.org/entity/Q64142778,Edwards Mountain,glacier in United States
http://www.wikidata.org/entity/Q64142896,Composite Island,glacier in United States
http://www.wikidata.org/entity/Q64142866,Finlay River,glacier in Canada
http://www.wikidata.org/entity/Q64142777,Doubtful Lake,glacier in United States
http://www.wikidata.org/entity/Q64142723,Feegletscher,glacier in Switzerland
http://www.wikidata.org/entity/Q64142430,Cascade Mountains,glacier in United States; Canada
http://www.wikidata.org/entity/Q64142156,Cantwell Creek,glacier in United States
http://www.wikidata.org/entity/Q64142547,Cerro Popocatépetl,glacier in Mexico
http://www.wikidata.org/entity/Q64142400,Fimbul Ice Shelf,glacier in Antarctica
http://www.wikidata.org/entity/Q64142643,Dzhambul Glacier,glacier in Kazakhstan
http://www.wikidata.org/entity/Q64142166,Bowdoin Glacier,glacier in Greenland
http://www.wikidata.org/entity/Q64142169,Berlingske Glacier,glacier in Greenland
http://www.wikidata.org/entity/Q64142734,Croslina Glacier,glacier in Switzerland
http://www.wikidata.org/entity/Q64142730,Tungelgletscher,glacier in Switzerland
http://www.wikidata.org/entity/Q64142151,Boedalsbreen Glacier,glacier in Norway
http://www.wikidata.org/entity/Q64142257,Chacaltaya Glacier,glacier in Bolivia
http://www.wikidata.org/entity/Q64142650,Downs Mountain,glacier in United States
http://www.wikidata.org/entity/Q64142884,Dundas Glacier,glacier in United States
http://www.wikidata.org/entity/Q64142901,Cushing Glacier,glacier in United States
http://www.wikidata.org/entity/Q64142559,Conejeras Glacier,glacier in Colombia
http://www.wikidata.org/entity/Q64142171,Brother Johns Glacier,glacier in Greenland
http://www.wikidata.org/entity/Q64142647,Djankuat Glacier,glacier in Russia
http://www.wikidata.org/entity/Q64142731,Forni Glacier,glacier in Italy
http://www.wikidata.org/entity/Q64142750,Fiammes,glacier in Italy
http://www.wikidata.org/entity/Q64142265,Fiero Glacier,glacier in Chile
http://www.wikidata.org/entity/Q64142266,Fraenkel Glacier,glacier in Chile
http://www.wikidata.org/entity/Q64142863,Deltaic Creek,glacier in Canada
http://www.wikidata.org/entity/Q64142875,Cold Fish Lake,glacier in Canada
http://www.wikidata.org/entity/Q64142767,Columbia Peak,glacier in United States
http://www.wikidata.org/entity/Q64142160,Broughton Island,glacier in Canada
http://www.wikidata.org/entity/Q64142168,Berlin Glacier,glacier in Greenland
http://www.wikidata.org/entity/Q64142744,Finsteraargletscher,glacier in Switzerland
http://www.wikidata.org/entity/Q64142761,Furggen Ridge,glacier in Switzerland
http://www.wikidata.org/entity/Q64142146,Blabreen Glacier,glacier in Norway
http://www.wikidata.org/entity/Q64142867,Fredrikson Lake,glacier in Canada
http://www.wikidata.org/entity/Q64142268,Chico Glacier,glacier in Chile
http://www.wikidata.org/entity/Q64142258,Echaurren Norte Glacier,glacier in Chile
http://www.wikidata.org/entity/Q64142260,Frías Glacier (Ventisquero Frías),glacier in Argentina
http://www.wikidata.org/entity/Q64142653,Cloud Peak,glacier in United States
http://www.wikidata.org/entity/Q64142780,Clements Mountain,glacier in United States
http://www.wikidata.org/entity/Q64142789,Chuginadak Island,glacier in United States
http://www.wikidata.org/entity/Q64142885,Geikie Inlet,glacier in United States
http://www.wikidata.org/entity/Q64142468,Chisana River,glacier in United States
http://www.wikidata.org/entity/Q64142159,Berry Creek,glacier in United States
http://www.wikidata.org/entity/Q64142464,Cataract Creek,glacier in United States
http://www.wikidata.org/entity/Q64142773,Fortress Mountain,glacier in United States
http://www.wikidata.org/entity/Q64142548,Duwo Glacier,glacier in Nepal
http://www.wikidata.org/entity/Q64142648,Garabashi Glacier,glacier in Russian Federation
http://www.wikidata.org/entity/Q64142870,Frederick Sound,glacier in United States
http://www.wikidata.org/entity/Q64142475,Cortina d'Ampezzo,glacier in Italy
http://www.wikidata.org/entity/Q64142256,Chimborazo,glacier in Ecuador
http://www.wikidata.org/entity/Q64143576,Lake McArthur,glacier in Canada
http://www.wikidata.org/entity/Q64143274,Glacier Island,glacier in United States
http://www.wikidata.org/entity/Q64143278,Heather Island,glacier in United States
http://www.wikidata.org/entity/Q64143313,Goldbergkees Glacier,glacier in the Goldberg Group in Salzburg
http://www.wikidata.org/entity/Q64142968,Falljökull,glacier in Iceland
http://www.wikidata.org/entity/Q64143119,HPN 1 Glacier,glacier in Chile
http://www.wikidata.org/entity/Q64143120,HPN 2 Glacier,glacier in Chile
http://www.wikidata.org/entity/Q64143121,HPN 4 Glacier,glacier in Chile
http://www.wikidata.org/entity/Q64143124,HPS 10 Glacier,glacier in Chile
http://www.wikidata.org/entity/Q64142953,Donjek River,glacier in Canada
http://www.wikidata.org/entity/Q64142921,Duktoth River,glacier in United States
http://www.wikidata.org/entity/Q64142917,Fallen Glacier,glacier in United States
http://www.wikidata.org/entity/Q64142943,Eklutna Lake,glacier in United States
http://www.wikidata.org/entity/Q64142961,Easy Pass,glacier in United States
http://www.wikidata.org/entity/Q64143257,Herbert Glacier,glacier in United States
http://www.wikidata.org/entity/Q64143268,Hayden Glacier (Alaska),glacier in United States
http://www.wikidata.org/entity/Q64143519,Nevado Humantay,glacier in Peru
http://www.wikidata.org/entity/Q64142988,Ellesmere Island,glacier in Canada
http://www.wikidata.org/entity/Q64143575,Kozelskiy Glacier,glacier in Russia
http://www.wikidata.org/entity/Q64143113,Hart Glacier (Greenland),glacier in Greenland
http://www.wikidata.org/entity/Q64142958,Delta River,glacier in United States
http://www.wikidata.org/entity/Q64143246,Hozomeen Mountain,glacier in United States
http://www.wikidata.org/entity/Q64142974,Christianshaab,glacier in Greenland
http://www.wikidata.org/entity/Q64142979,Døcker Smith Gletscher,glacier in Greenland
http://www.wikidata.org/entity/Q64143117,Grosse Glacier,glacier in Chile
http://www.wikidata.org/entity/Q64143132,HPS 31 Glacier,glacier in Chile
http://www.wikidata.org/entity/Q64142954,East Fork Chistochina River,glacier in United States
http://www.wikidata.org/entity/Q64143273,Head Glacier,glacier in United States
http://www.wikidata.org/entity/Q64143527,Mayo Glacier,glacier in Argentina
http://www.wikidata.org/entity/Q64143224,Grand Teton Mountains,glacier in United States
http://www.wikidata.org/entity/Q64143192,HPS 28 Glacier,glacier in Chile and Argentina
http://www.wikidata.org/entity/Q64143093,Höllental-Ferner Glacier,glacier in Germany
http://www.wikidata.org/entity/Q64143239,Gunsight Lake,glacier in United States
http://www.wikidata.org/entity/Q64143579,Iskut River,glacier in Canada
http://www.wikidata.org/entity/Q64142981,Dundas / Thule / Umanák,glacier in Greenland
http://www.wikidata.org/entity/Q64143288,Ghiacciaio di Goletta,glacier in Italy
http://www.wikidata.org/entity/Q64143122,Greve Glacier,glacier in Chile
http://www.wikidata.org/entity/Q64143125,HPS 12 Glacier,glacier in Chile
http://www.wikidata.org/entity/Q64143128,HPS 15 Glacier,glacier in Chile
http://www.wikidata.org/entity/Q64143526,HPS 9 Glacier,glacier in Chile
http://www.wikidata.org/entity/Q64142920,Chikuminuk Lake,glacier in United States
http://www.wikidata.org/entity/Q64142924,Deadman Glacier,glacier in United States
http://www.wikidata.org/entity/Q64142931,Drift River,glacier in United States
http://www.wikidata.org/entity/Q64143227,Grasshopper Glacier East,glacier in United States
http://www.wikidata.org/entity/Q64143267,Haenke Island,glacier in United States
http://www.wikidata.org/entity/Q64143229,Goose Lake,glacier in United States
http://www.wikidata.org/entity/Q64143247,Grindall Island,glacier in United States
http://www.wikidata.org/entity/Q64143244,Gyrfalcon Lake,glacier in United States
http://www.wikidata.org/entity/Q64142984,Diebitsch Glacier,glacier in Greenland
http://www.wikidata.org/entity/Q64142965,Færingehavn,glacier in Greenland
http://www.wikidata.org/entity/Q64143096,Heinabergsjökull,glacier in Iceland
http://www.wikidata.org/entity/Q64143129,Guilardi Glacier,glacier in Chile
http://www.wikidata.org/entity/Q64142951,Chickaloon River,glacier in United States
http://www.wikidata.org/entity/Q64142940,Ch'akajabena Lake,glacier in United States
http://www.wikidata.org/entity/Q64142932,Concordia Glacier,glacier in United States
http://www.wikidata.org/entity/Q64142927,Columbus Glacier,glacier in United States
http://www.wikidata.org/entity/Q64143107,Holsteinborg,glacier in Greenland
http://www.wikidata.org/entity/Q64143088,Hoodoo Mountain,glacier in Canada
http://www.wikidata.org/entity/Q64142922,Crescent Lake,glacier in United States
http://www.wikidata.org/entity/Q64143241,Haystack Butte,glacier in United States
http://www.wikidata.org/entity/Q64143283,Hess Mountain,glacier in United States
http://www.wikidata.org/entity/Q64142945,Faabergstoelsbreen Glacier,glacier in Norway
http://www.wikidata.org/entity/Q64143099,Hellstugubreen Glacier,glacier in Norway
http://www.wikidata.org/entity/Q64143523,Leones Glacier,glacier in Chile
http://www.wikidata.org/entity/Q64143089,Gladys Lake,glacier in Canada
http://www.wikidata.org/entity/Q64143583,Klappan River,glacier in Canada
http://www.wikidata.org/entity/Q64142915,Chinitna Bay,glacier in United States
http://www.wikidata.org/entity/Q64142936,College Fiord,glacier in United States
http://www.wikidata.org/entity/Q64143223,Grand Teton Glacier,glacier in United States
http://www.wikidata.org/entity/Q64143232,Grasshopper Glacier (Crazy Peak),glacier in United States
http://www.wikidata.org/entity/Q64143234,Glacier Peak,glacier in United States
http://www.wikidata.org/entity/Q64142973,Egedesminde,glacier in Greenland
http://www.wikidata.org/entity/Q64143110,Great Karajak Glacier,glacier in Greenland
http://www.wikidata.org/entity/Q64143305,Griessfirn Glacier,glacier in Switzerland
http://www.wikidata.org/entity/Q64143524,Mellizo Sur Glacier,glacier in Chile
http://www.wikidata.org/entity/Q64143578,Lake O'Hara,glacier in Canada
http://www.wikidata.org/entity/Q64142930,Drift Glacier,glacier in United States
http://www.wikidata.org/entity/Q64143237,Gunsight Pass,glacier in United States
http://www.wikidata.org/entity/Q64143279,Granite Cove,glacier in United States
http://www.wikidata.org/entity/Q64143092,Hamaguri Yuki Glacier,glacier in Japan
http://www.wikidata.org/entity/Q64142987,Dodge Glacier,glacier in Greenland
http://www.wikidata.org/entity/Q64142977,Freya Glacier,glacier in Greenland
http://www.wikidata.org/entity/Q64143111,Hayes Glacier (Greenland),glacier in Greenland
http://www.wikidata.org/entity/Q64143098,Hardangerjoekulen Glacier,glacier in Norway
http://www.wikidata.org/entity/Q64143126,HPS 13 Glacier,glacier in Chile
http://www.wikidata.org/entity/Q64143522,Juncal Norte Glacier,glacier in Chile
http://www.wikidata.org/entity/Q64142956,Denali,glacier in United States
http://www.wikidata.org/entity/Q64143116,Gora Kazbek,glacier in Georgia
http://www.wikidata.org/entity/Q64142978,Dietrichson Glacier,glacier in Greenland
http://www.wikidata.org/entity/Q64143130,HPS 29 Glacier,glacier in Chile
http://www.wikidata.org/entity/Q64143133,HPS 34 Glacier,glacier in Chile
http://www.wikidata.org/entity/Q64143221,Glacier Lakes,glacier in United States
http://www.wikidata.org/entity/Q64142969,Gerstle River,glacier in United States
http://www.wikidata.org/entity/Q64143242,Great North Glacier,glacier in United States
http://www.wikidata.org/entity/Q64143271,Haydon Peak,glacier in United States
http://www.wikidata.org/entity/Q64143317,Godley Glacier,Glacier in New Zealand
http://www.wikidata.org/entity/Q64142964,Chief Creek,glacier in United States
http://www.wikidata.org/entity/Q64142967,Delta Creek,glacier in United States
http://www.wikidata.org/entity/Q64143231,Grasshopper Glacier West,glacier in United States
http://www.wikidata.org/entity/Q64143528,Lake Palcacocha,glacier in Peru
http://www.wikidata.org/entity/Q64143754,Kamishak Bay,glacier in United States
http://www.wikidata.org/entity/Q64143623,Leidy Glacier,glacier in Greenland
http://www.wikidata.org/entity/Q64143709,Little Crater Lake,glacier in United States
http://www.wikidata.org/entity/Q64143767,Iniskin Bay,glacier in United States
http://www.wikidata.org/entity/Q64143612,Jakobshavn Isbræ,glacier in Greenland
http://www.wikidata.org/entity/Q64143622,Marre Glacier,glacier in Greenland
http://www.wikidata.org/entity/Q64143714,Ives Peak,glacier in United States
http://www.wikidata.org/entity/Q64143764,Lake Nerka,glacier in United States
http://www.wikidata.org/entity/Q64143741,Hugh Miller Glacier,glacier in United States
http://www.wikidata.org/entity/Q64143797,Lake Fork Crescent River,glacier in United States
http://www.wikidata.org/entity/Q64143817,Kuskokwim River,glacier in United States
http://www.wikidata.org/entity/Q64143925,Lhotse Shar / Imja Glacier,glacier in Nepal
http://www.wikidata.org/entity/Q64143613,Jakobshavn Isfjord,glacier in Greenland
http://www.wikidata.org/entity/Q64143913,Lägh da Cavloc,glacier in Switzerland
http://www.wikidata.org/entity/Q64143919,Vadret da Lischana Glacier,glacier in Switzerland
http://www.wikidata.org/entity/Q64143598,Langfjordjoekulen Glacier,glacier in Norway
http://www.wikidata.org/entity/Q64143906,Langenferner Glacier / Verdretta Lunga,glacier in the Ortles Alps in South Tyrol
http://www.wikidata.org/entity/Q64143901,Katajanokka Glaciers,glacier in Sweden
http://www.wikidata.org/entity/Q64143736,Kukak Volcano,glacier in United States
http://www.wikidata.org/entity/Q64143738,Lituya Bay,glacier in United States
http://www.wikidata.org/entity/Q64143755,Krisha Glacier,glacier in United States
http://www.wikidata.org/entity/Q64143778,Icy Bay (Bering Glacier),glacier in United States
http://www.wikidata.org/entity/Q64143791,Libbey Glacier,glacier in United States
http://www.wikidata.org/entity/Q64143705,Klondike Lake,glacier in United States
http://www.wikidata.org/entity/Q64143718,Lake of the Clouds,glacier in United States
http://www.wikidata.org/entity/Q64143694,Korzhenevskiy Glacier,glacier in Kazakhstan
http://www.wikidata.org/entity/Q64143708,Huckleberry Lake,glacier in United States
http://www.wikidata.org/entity/Q64143821,Iron Creek,glacier in United States
http://www.wikidata.org/entity/Q64143803,Kings Bay,glacier in United States
http://www.wikidata.org/entity/Q64143734,Lake Dorothy,glacier in United States
http://www.wikidata.org/entity/Q64143775,Malaspina Glacier,glacier in United States
http://www.wikidata.org/entity/Q64143696,Iceberg Lake (California),glacier in United States
http://www.wikidata.org/entity/Q64143695,Lake Italy,glacier in United States
http://www.wikidata.org/entity/Q64143727,Little Chief Mountain,glacier in United States
http://www.wikidata.org/entity/Q64143724,Mount Jackson Glacier,glacier in United States
http://www.wikidata.org/entity/Q64143772,Icy Cape,glacier in United States
http://www.wikidata.org/entity/Q64143769,Iliamna Lake,glacier in United States
http://www.wikidata.org/entity/Q64143745,Johns Hopkins Inlet,glacier in United States
http://www.wikidata.org/entity/Q64143721,Lake Chelan,glacier in United States
http://www.wikidata.org/entity/Q64143624,Inglefield Bredning,glacier in Greenland
http://www.wikidata.org/entity/Q64143691,Igly Tuyuksu Glacier,glacier in Kazakhstan
http://www.wikidata.org/entity/Q64143707,Jackson Lake,glacier in United States
http://www.wikidata.org/entity/Q64143594,Kotarjökull,glacier in Iceland
http://www.wikidata.org/entity/Q64143589,Logan Glacier (Yukon),glacier in Canada
http://www.wikidata.org/entity/Q64143781,Iliamna Volcano,glacier in United States
http://www.wikidata.org/entity/Q64143633,Kirtisho Glacier,glacier in Georgia
http://www.wikidata.org/entity/Q64143735,Kukak Bay,glacier in United States
http://www.wikidata.org/entity/Q64143701,Imogene Pass,glacier in United States
http://www.wikidata.org/entity/Q64143703,Longs Peak,glacier in United States
http://www.wikidata.org/entity/Q64143787,Kaliakh River,glacier in United States
http://www.wikidata.org/entity/Q64143891,Lava Fork Area,glacier in United States and Canada
http://www.wikidata.org/entity/Q64143927,Kyimoshung Glacier,glacier in Nepal
http://www.wikidata.org/entity/Q64143928,Lirung Glacier,glacier in Nepal
http://www.wikidata.org/entity/Q64143793,Icy Bay,glacier in United States
http://www.wikidata.org/entity/Q64143790,Kulthieth Mountain,glacier in United States
http://www.wikidata.org/entity/Q64143716,Longmire Meadow,glacier in United States
http://www.wikidata.org/entity/Q64143692,Manshuk Mametova Glacier,glacier in Kazakhstan
http://www.wikidata.org/entity/Q64143628,Meeham Glacier,glacier in Greenland
http://www.wikidata.org/entity/Q64143717,Kautz Creek,glacier in United States
http://www.wikidata.org/entity/Q64143903,Marmaglaciaren Glacier,glacier in Norway
http://www.wikidata.org/entity/Q64143697,Lyell Glacier,glacier in United States
http://www.wikidata.org/entity/Q64143719,McDonald Peak,glacier in United States
http://www.wikidata.org/entity/Q64143728,Longfellow Peak,glacier in United States
http://www.wikidata.org/entity/Q64143704,Medicine Bow Peak,glacier in United States
http://www.wikidata.org/entity/Q64143713,Ives Glacier,glacier in United States
http://www.wikidata.org/entity/Q64143752,McBride Glacier,glacier in United States
http://www.wikidata.org/entity/Q64143840,James Robert Glacier,glacier in United States
http://www.wikidata.org/entity/Q64143795,Lake Clark,glacier in United States
http://www.wikidata.org/entity/Q64143834,Johnson River,glacier in United States
http://www.wikidata.org/entity/Q64143690,Kosmodemyanskaya Glacier,glacier in Kazakhstan
http://www.wikidata.org/entity/Q64143604,Ivigtut Mine,glacier in Greenland
http://www.wikidata.org/entity/Q64143914,Lämmern Glacier,glacier in Switzerland
http://www.wikidata.org/entity/Q64143918,Kehlen Glacier,glacier in Switzerland
http://www.wikidata.org/entity/Q64143750,Kulik Lake,glacier in United States
http://www.wikidata.org/entity/Q64143699,Kuna Glacier,glacier in United States
http://www.wikidata.org/entity/Q64143847,McCall Glacier (Alaska),glacier in United States
http://www.wikidata.org/entity/Q64143890,Lake Superior,glacier in United States and Canada
http://www.wikidata.org/entity/Q64143838,Little Gerstle River,glacier in United States
http://www.wikidata.org/entity/Q64143586,Lake Bennet,glacier in Canada
http://www.wikidata.org/entity/Q64143614,Jakobshavn / Ilulissat,glacier in Greenland
http://www.wikidata.org/entity/Q64143609,Kangerlussuaq [Søndre Strømfjord],glacier in Greenland
http://www.wikidata.org/entity/Q64143619,Kangilleq,glacier in Greenland
http://www.wikidata.org/entity/Q64143617,Kujatdleq Glacier,glacier in Greenland
http://www.wikidata.org/entity/Q64143620,Kjaers Glacier,glacier in Greenland
http://www.wikidata.org/entity/Q64143910,Mattertal,glacier in Switzerland
http://www.wikidata.org/entity/Q64143581,Kitchener Lake,glacier in Canada
http://www.wikidata.org/entity/Q64143591,Kluane Lake,glacier in Canada
http://www.wikidata.org/entity/Q64143829,Jarvis Creek,glacier in United States
http://www.wikidata.org/entity/Q64143618,Karrat Ø,glacier in Greenland
http://www.wikidata.org/entity/Q64143730,Logging Mountain,glacier in United States
http://www.wikidata.org/entity/Q64143726,Medicine Owl Lake,glacier in United States
http://www.wikidata.org/entity/Q64143809,Lake Clark Pass,glacier in United States
http://www.wikidata.org/entity/Q64143811,Mount Marcus Baker,glacier in United States
http://www.wikidata.org/entity/Q64143615,Lyngmark Bugt,glacier in Greenland
http://www.wikidata.org/entity/Q64143731,Iceberg Lake,glacier in United States
http://www.wikidata.org/entity/Q64143706,Jenny Lake,glacier in United States
http://www.wikidata.org/entity/Q64143799,Kushtaka Lake,glacier in United States
http://www.wikidata.org/entity/Q64143818,Landmark Gap,glacier in United States
http://www.wikidata.org/entity/Q64143702,Matterhorn Peak,glacier in United States
http://www.wikidata.org/entity/Q64143606,Kangaamiut,glacier in Greenland
http://www.wikidata.org/entity/Q64144060,Ordzhonikidze Glacier,glacier in Kazakhstan
http://www.wikidata.org/entity/Q64143950,Mount Sydney King,glacier in New Zealand
http://www.wikidata.org/entity/Q64144086,Glacier de Tortin,glacier in Switzerland
http://www.wikidata.org/entity/Q64144089,Mount Adams,glacier in United States
http://www.wikidata.org/entity/Q64144117,Mount Hinman,glacier in United States
http://www.wikidata.org/entity/Q64144152,Mount Spickard,glacier in United States
http://www.wikidata.org/entity/Q64144020,Ngojumba Glacier,glacier in Nepal
http://www.wikidata.org/entity/Q64144146,Natoas Peak,glacier in United States
http://www.wikidata.org/entity/Q64144186,Mount Wright (Hoonah-Angoon),glacier in United States
http://www.wikidata.org/entity/Q64144175,Mount Verrett,glacier in Canada
http://www.wikidata.org/entity/Q64144196,Muir Inlet,glacier in United States
http://www.wikidata.org/entity/Q64144041,Mount Ararat,glacier in Turkey
http://www.wikidata.org/entity/Q64144198,Mount Waskey,glacier in United States
http://www.wikidata.org/entity/Q64144064,Novelty Mine,glacier in United States
http://www.wikidata.org/entity/Q64144007,Ofhidro Glacier,glacier in Chile
http://www.wikidata.org/entity/Q64144011,Occidental Glacier,glacier in Chile
http://www.wikidata.org/entity/Q64143946,Ngga Pilimsit,glacier in Indonesia
http://www.wikidata.org/entity/Q64144161,Mount Veniaminof,glacier in United States
http://www.wikidata.org/entity/Q64144151,Miche Wabun Lake,glacier in United States
http://www.wikidata.org/entity/Q64144124,Mount Stimson,glacier in United States
http://www.wikidata.org/entity/Q64143952,Metelille Glacier,Glacier in New Zealand
http://www.wikidata.org/entity/Q64144018,Palcaraju Glacier,glacier in Peru
http://www.wikidata.org/entity/Q64144045,Mount Zirkel,glacier in United States
http://www.wikidata.org/entity/Q64144123,Mount Ferry,glacier in United States
http://www.wikidata.org/entity/Q64144144,Mount Fury,glacier in United States
http://www.wikidata.org/entity/Q64144173,Oweegee Peak,glacier in Canada
http://www.wikidata.org/entity/Q64144203,Northwestern Glacier,glacier in United States
http://www.wikidata.org/entity/Q64144017,Nevados Chopicallqui,glacier in Peru
http://www.wikidata.org/entity/Q64143962,Northern Patagonia Glaciers,glacier in Chile and Argentina
http://www.wikidata.org/entity/Q64143964,Mount John Jay,glacier in Canada and United States
http://www.wikidata.org/entity/Q64144145,Mount Shuksan,glacier in United States
http://www.wikidata.org/entity/Q64143963,Moreno Glacier,glacier in Argentina and Chile
http://www.wikidata.org/entity/Q64144022,Mount Kaeweah,glacier in United States
http://www.wikidata.org/entity/Q64144040,Mount Massive,glacier in United States
http://www.wikidata.org/entity/Q64144153,Mount Cleveland,glacier in United States
http://www.wikidata.org/entity/Q64144122,Mount Queets,glacier in United States
http://www.wikidata.org/entity/Q64144190,Mount Merriam,glacier in United States
http://www.wikidata.org/entity/Q64144051,Mount Shasta,glacier in United States
http://www.wikidata.org/entity/Q64144193,Muir Glacier,glacier in United States
http://www.wikidata.org/entity/Q64143945,Nevado Salcantay,glacier in Peru
http://www.wikidata.org/entity/Q64144140,Mineral Creek,glacier in United States
http://www.wikidata.org/entity/Q64144076,Ober Gabelhorn,glacier in Switzerland
http://www.wikidata.org/entity/Q64144184,Mount Crillon,glacier in United States
http://www.wikidata.org/entity/Q64143965,Mount Fawcett,glacier in Canada and United States
http://www.wikidata.org/entity/Q64144065,Mount Wilse,glacier in United States
http://www.wikidata.org/entity/Q64144187,Muir Point,glacier in United States
http://www.wikidata.org/entity/Q64144066,Mount Hood,glacier in United States
http://www.wikidata.org/entity/Q64144188,Mount Douglas,glacier in United States
http://www.wikidata.org/entity/Q64144054,Oulettes de Gaube Glacier,glacier in France
http://www.wikidata.org/entity/Q64144170,Mount Zara,glacier in Canada
http://www.wikidata.org/entity/Q64144042,Mount Powell,glacier in United States
http://www.wikidata.org/entity/Q64144043,Niwot Ridge,glacier in United States
http://www.wikidata.org/entity/Q64144094,Murtel Glacier,glacier in Switzerland
http://www.wikidata.org/entity/Q64144088,Mount Saint Helens,glacier in United States
http://www.wikidata.org/entity/Q64144015,Olvidado Glacier,glacier in Chile
http://www.wikidata.org/entity/Q64143947,Northwall Firn,glacier in Indonesia
http://www.wikidata.org/entity/Q64144178,Mud Glacier,glacier in Canada
http://www.wikidata.org/entity/Q64144039,Mount Dana,glacier in United States
http://www.wikidata.org/entity/Q64144023,Mirror Lake,glacier in United States
http://www.wikidata.org/entity/Q64144025,Mount Goddard,glacier in United States
http://www.wikidata.org/entity/Q64144035,Mount Lyell,glacier in United States
http://www.wikidata.org/entity/Q64144032,Mount McGee,glacier in United States
http://www.wikidata.org/entity/Q64144114,Mount Stuart,glacier in United States
http://www.wikidata.org/entity/Q64144126,Mount Thompson,glacier in United States
http://www.wikidata.org/entity/Q64144142,Mount Blum,glacier in United States
http://www.wikidata.org/entity/Q64144149,Mount Carter,glacier in United States
http://www.wikidata.org/entity/Q64144028,Muir Pass,glacier in United States
http://www.wikidata.org/entity/Q64144136,Mount Oberlin,glacier in United States
http://www.wikidata.org/entity/Q64144128,Pacific Creek,glacier in United States
http://www.wikidata.org/entity/Q64144108,Mount Rainier,glacier in United States
http://www.wikidata.org/entity/Q64143948,Ngga Pulu,glacier in Indonesia
http://www.wikidata.org/entity/Q64144062,Mount Saint John,glacier in United States
http://www.wikidata.org/entity/Q64144154,Mount Vsevidof,glacier in United States
http://www.wikidata.org/entity/Q64144183,Mount Wood,glacier in United States
http://www.wikidata.org/entity/Q64144158,Nass River,glacier in Canada
http://www.wikidata.org/entity/Q64144048,North Fork Little Laramie River,glacier in United States
http://www.wikidata.org/entity/Q64144125,Nyack Creek,glacier in United States
http://www.wikidata.org/entity/Q64144150,Olson Creek,glacier in United States
http://www.wikidata.org/entity/Q64144021,Neola Glacier,glacier in India
http://www.wikidata.org/entity/Q64144172,Oweegee Creek,glacier in Canada
http://www.wikidata.org/entity/Q64143951,Mount Cook,glacier in New Zealand
http://www.wikidata.org/entity/Q64144090,Monte Rosso,glacier in Switzerland
http://www.wikidata.org/entity/Q64144168,Mount Pounder,glacier in Canada
http://www.wikidata.org/entity/Q64144174,Mount Skowill,glacier in Canada
http://www.wikidata.org/entity/Q64144009,Oriental Glacier,glacier in Chile
http://www.wikidata.org/entity/Q64143929,Maladeta Glacier,glacier in Spain
http://www.wikidata.org/entity/Q64143944,Nevado Verónica,glacier in Peru
http://www.wikidata.org/entity/Q64144057,Mount Hooker,glacier in United States
http://www.wikidata.org/entity/Q64144143,Mount Baker,glacier in United States
http://www.wikidata.org/entity/Q64144133,Oberlin Falls,glacier in United States
http://www.wikidata.org/entity/Q64144164,Mount Middleton,glacier in United States
http://www.wikidata.org/entity/Q64144176,Mount Chiginagak,glacier in United States
http://www.wikidata.org/entity/Q64144121,Mount Deception,glacier in United States
http://www.wikidata.org/entity/Q64144119,Mount Mystery,glacier in United States
http://www.wikidata.org/entity/Q64144120,Mount Olympus,glacier in United States
http://www.wikidata.org/entity/Q64144130,Mount James,glacier in United States
http://www.wikidata.org/entity/Q64144179,Mount Martin,glacier in United States
http://www.wikidata.org/entity/Q64144182,Mount Katmai,glacier in United States
http://www.wikidata.org/entity/Q64144155,Mount Recheshnoi,glacier in United States
http://www.wikidata.org/entity/Q64144063,Mount Moran,glacier in United States
http://www.wikidata.org/entity/Q64144605,Sherman Peak,glacier in United States
http://www.wikidata.org/entity/Q64144719,Sovereign Mountain,glacier in United States
http://www.wikidata.org/entity/Q64145118,Turtmanngletscher,glacier in Switzerland
http://www.wikidata.org/entity/Q64144655,Schooner Beach,glacier in United States
http://www.wikidata.org/entity/Q64144750,Qimusseriarsuaq,glacier in Greenland
http://www.wikidata.org/entity/Q64145009,Tête de Valpelline,glacier in Italy
http://www.wikidata.org/entity/Q64144627,Porcupine Glacier (British Columbia),glacier in Canada
http://www.wikidata.org/entity/Q64144651,Rainy Hollow Glacier,glacier in Canada
http://www.wikidata.org/entity/Q64144645,Prairie Lake,glacier in Canada
http://www.wikidata.org/entity/Q64144604,Pollock Mountain,glacier in United States
http://www.wikidata.org/entity/Q64144654,Pile Bay,glacier in United States
http://www.wikidata.org/entity/Q64144684,Redoubt Volcano,glacier in United States
http://www.wikidata.org/entity/Q64144680,Seward Glacier,glacier in United States
http://www.wikidata.org/entity/Q64144705,Shamrock Glacier,glacier in United States
http://www.wikidata.org/entity/Q64144869,Wheeler Peak,glacier in United States
http://www.wikidata.org/entity/Q64145121,Wishbone Glacier,glacier in United States
http://www.wikidata.org/entity/Q64145166,Tatoosh Range,glacier in United States
http://www.wikidata.org/entity/Q64144730,Robertson River,glacier in United States
http://www.wikidata.org/entity/Q64144616,Smith Lake,glacier in United States
http://www.wikidata.org/entity/Q64144751,Peary Glacier,glacier in Greenland
http://www.wikidata.org/entity/Q64144681,Saint Elias Mountains,glacier in United States
http://www.wikidata.org/entity/Q64144882,Wells Creek,glacier in United States
http://www.wikidata.org/entity/Q64144663,Riou Bay,glacier in United States
http://www.wikidata.org/entity/Q64144968,Zadezan Glacier,glacier in Italy and Switzerland
http://www.wikidata.org/entity/Q64145133,Vadret da Rosatsch Glacier,glacier in Switzerland
http://www.wikidata.org/entity/Q64145122,Ventina (Pizzo) Glacier,glacier in Italy
http://www.wikidata.org/entity/Q64144632,Port Snettisham,glacier in United States
http://www.wikidata.org/entity/Q64144883,Three Forks Park,glacier in United States
http://www.wikidata.org/entity/Q64145210,Swiftcurrent Mountain,glacier in United States
http://www.wikidata.org/entity/Q64144609,Picket Range,glacier in United States
http://www.wikidata.org/entity/Q64144714,Rohn Glacier,glacier in United States
http://www.wikidata.org/entity/Q64144856,Yale Glacier (Nepal),glacier in Nepal
http://www.wikidata.org/entity/Q64145119,White Salmon Glacier (Yakima),glacier in United States
http://www.wikidata.org/entity/Q64144677,Seal River,glacier in United States
http://www.wikidata.org/entity/Q64144641,Rendu Inlet,glacier in United States
http://www.wikidata.org/entity/Q64144884,Teton Range,glacier in United States
http://www.wikidata.org/entity/Q64144754,Rinks Gletscher (north),glacier in Greenland
http://www.wikidata.org/entity/Q64144756,Rasmussen Glacier,glacier in Greenland
http://www.wikidata.org/entity/Q64145151,Strahlegg-gletscher,glacier in Switzerland
http://www.wikidata.org/entity/Q64144678,Seward,glacier in United States
http://www.wikidata.org/entity/Q64144625,Patterson Glacier,glacier in United States
http://www.wikidata.org/entity/Q64144634,Southwest Glacier,glacier in United States
http://www.wikidata.org/entity/Q64144711,Radcliffe Glacier,glacier in United States
http://www.wikidata.org/entity/Q64144699,Silver Glacier (Alaska),glacier in United States
http://www.wikidata.org/entity/Q64144725,Slana River,glacier in United States
http://www.wikidata.org/entity/Q64145169,Stevens Glacier,glacier in United States
http://www.wikidata.org/entity/Q64145180,Tipsoo Lake,glacier in United States
http://www.wikidata.org/entity/Q64144690,Prince William Sound,glacier in United States
http://www.wikidata.org/entity/Q64144618,Skowill Creek,glacier in Canada
http://www.wikidata.org/entity/Q64144864,University Peak,glacier in United States
http://www.wikidata.org/entity/Q64144749,Qeqertarsuup Tunua,glacier in Greenland
http://www.wikidata.org/entity/Q64145136,Ghiacciaio di Val Torta,glacier in Switzerland
http://www.wikidata.org/entity/Q64145163,Steinlimigletscher,glacier in Switzerland
http://www.wikidata.org/entity/Q64145160,Triftgletscher (Gadmen),glacier in Switzerland
http://www.wikidata.org/entity/Q64145145,Suretta Merid Glacier,glacier in Italy
http://www.wikidata.org/entity/Q64145147,Tofana di Rozes,glacier in Italy
http://www.wikidata.org/entity/Q64144850,Strindberg Glacier,glacier in Chile
http://www.wikidata.org/entity/Q64144851,Tempano Glacier,glacier in Chile
http://www.wikidata.org/entity/Q64144617,Slamgeesh Range,glacier in Canada
http://www.wikidata.org/entity/Q64144642,Plateau Glacier,glacier in United States
http://www.wikidata.org/entity/Q64144661,Point Latouche,glacier in United States
http://www.wikidata.org/entity/Q64145120,White Salmon - Avalanche Glacier,glacier in United States
http://www.wikidata.org/entity/Q64144877,Urumqi Glacier,glacier in China
http://www.wikidata.org/entity/Q64144715,Skwentna River,glacier in United States
http://www.wikidata.org/entity/Q64144873,Sundance Mountain,glacier in United States
http://www.wikidata.org/entity/Q64144640,Queen Inlet,glacier in United States
http://www.wikidata.org/entity/Q64144610,Porcupine Ridge,glacier in United States
http://www.wikidata.org/entity/Q64144847,Zongo Glacier,glacier in Bolivia
http://www.wikidata.org/entity/Q64145010,Tiefmattengletscher,glacier in Switzerland
http://www.wikidata.org/entity/Q64145183,Hintersulzfirn,glacier in Switzerland
http://www.wikidata.org/entity/Q64145162,Steingletscher,glacier in Switzerland
http://www.wikidata.org/entity/Q64144742,Søndre Strømfjord,glacier in Greenland
http://www.wikidata.org/entity/Q64144606,Sherman Crater,glacier in United States
http://www.wikidata.org/entity/Q64144653,Point Manby,glacier in United States
http://www.wikidata.org/entity/Q64144660,Point Riou,glacier in United States
http://www.wikidata.org/entity/Q64144885,Timberline Lodge,glacier in United States
http://www.wikidata.org/entity/Q64144734,Skalafellsjökull,glacier in Iceland
http://www.wikidata.org/entity/Q64145158,Tre Cime di Lavaredo,glacier in Italy
http://www.wikidata.org/entity/Q64144745,Passusjietna West Glacier,glacier in Sweden
http://www.wikidata.org/entity/Q64144635,Reid Glacier (Alaska),glacier in United States
http://www.wikidata.org/entity/Q64144722,Rainy Pass,glacier in United States
http://www.wikidata.org/entity/Q64144683,Snow River,glacier in United States
http://www.wikidata.org/entity/Q64145198,Swan Peak,glacier in United States
http://www.wikidata.org/entity/Q64145137,Wannenhorngletscher,glacier in Switzerland
http://www.wikidata.org/entity/Q64144619,Snowbank Creek,glacier in Canada
http://www.wikidata.org/entity/Q64144848,Wollaston Glacier,glacier in Indonesia
http://www.wikidata.org/entity/Q64144611,Silver Glacier,glacier in United States
http://www.wikidata.org/entity/Q64144646,Rendu Glacier,glacier in United States
http://www.wikidata.org/entity/Q64144628,Sawyer Glacier,glacier in United States
http://www.wikidata.org/entity/Q64144649,Rodman Glacier,glacier in United States
http://www.wikidata.org/entity/Q64144713,Regal Glacier,glacier in United States
http://www.wikidata.org/entity/Q64144747,Sheenjek River,glacier in United States
http://www.wikidata.org/entity/Q64144860,Thulagi Glacier,glacier in Nepal
http://www.wikidata.org/entity/Q64144879,Titcomb Lakes,glacier in United States
http://www.wikidata.org/entity/Q64145201,University Glacier,glacier in United States
http://www.wikidata.org/entity/Q64144607,Snow Moon Lake,glacier in United States
http://www.wikidata.org/entity/Q64144712,Snowcap Mountain,glacier in United States
http://www.wikidata.org/entity/Q64144682,Sargent Ice Field,glacier in United States
http://www.wikidata.org/entity/Q64144612,Skeena River,glacier in Canada
http://www.wikidata.org/entity/Q64144669,Pulpito Del Diablo Glacier,glacier in Colombia
http://www.wikidata.org/entity/Q64144584,Mount Skokomish,glacier in United States
http://www.wikidata.org/entity/Q64144587,Sitting Bull Mountain,glacier in United States
http://www.wikidata.org/entity/Q64144531,Saint Lawrence River,glacier in United States
http://www.wikidata.org/entity/Q64144271,Morsarjökull,glacier in Iceland
http://www.wikidata.org/entity/Q64144561,Räterichsbodensee Lake,glacier in Switzerland
http://www.wikidata.org/entity/Q64144574,Plattalvagletscher (Griessfirn),glacier in Switzerland
http://www.wikidata.org/entity/Q64144537,Ghiacciaio del Rutor,glacier in Italy
http://www.wikidata.org/entity/Q64144205,Midimber Lake,glacier in United States
http://www.wikidata.org/entity/Q64144217,Neacola Glacier,glacier in United States
http://www.wikidata.org/entity/Q64144249,Mentasta Mountains,glacier in United States
http://www.wikidata.org/entity/Q64144247,Notch Creek,glacier in United States
http://www.wikidata.org/entity/Q64144256,Middle Fork Chistochina River,glacier in United States
http://www.wikidata.org/entity/Q64144209,Mount Augusta,glacier in United States
http://www.wikidata.org/entity/Q64144242,Mount Jarvis,glacier in United States
http://www.wikidata.org/entity/Q64144427,Southern Patagonia Ice Field Glaciers,glacier in Chile and Argentina
http://www.wikidata.org/entity/Q64144272,Nuuk,glacier in Greenland
http://www.wikidata.org/entity/Q64144538,Prarayer,glacier in Italy
http://www.wikidata.org/entity/Q64144211,Nellie Juan Glacier,glacier in United States
http://www.wikidata.org/entity/Q64144509,Rolwaling Glacier,glacier in Nepal
http://www.wikidata.org/entity/Q64144583,Rampart Glacier,glacier in United States
http://www.wikidata.org/entity/Q64144263,Mount Kimball,glacier in United States
http://www.wikidata.org/entity/Q64144296,Morris Jesup Glacier,glacier in Greenland
http://www.wikidata.org/entity/Q64144223,Mount Hogan,glacier in United States
http://www.wikidata.org/entity/Q64144522,Snowy Range,glacier in United States
http://www.wikidata.org/entity/Q64144542,Rimpfischhorn,glacier in Switzerland
http://www.wikidata.org/entity/Q64144292,Mohn Glacier,glacier in Greenland
http://www.wikidata.org/entity/Q64144535,Ghiacciaio del Rocciamelone,glacier in Italy
http://www.wikidata.org/entity/Q64144395,Pared Norte Glacier,glacier in Chile
http://www.wikidata.org/entity/Q64144391,San Quintin Glacier,glacier in Chile
http://www.wikidata.org/entity/Q64144497,Penguin Glacier,glacier in Chile
http://www.wikidata.org/entity/Q64144499,Pingo Glacier,glacier in Chile
http://www.wikidata.org/entity/Q64144274,Mount Skookum Jim,glacier in Canada
http://www.wikidata.org/entity/Q64144207,Mount Cook (Alaska),glacier in United States
http://www.wikidata.org/entity/Q64144586,Sloan Peak,glacier in United States
http://www.wikidata.org/entity/Q64144236,Mount Blackburn,glacier in United States
http://www.wikidata.org/entity/Q64144279,Mount Chamberlin,glacier in United States
http://www.wikidata.org/entity/Q64144254,Mount Foraker,glacier in United States
http://www.wikidata.org/entity/Q64144248,Nutzotin Mountains,glacier in United States
http://www.wikidata.org/entity/Q64144246,Mount Sanford,glacier in United States
http://www.wikidata.org/entity/Q64144204,Nuyakuk Lake,glacier in United States
http://www.wikidata.org/entity/Q64144293,Moltke Glacier,glacier in Greenland
http://www.wikidata.org/entity/Q64144558,Pizgletscher,glacier in Italy
http://www.wikidata.org/entity/Q64144582,Schneeferner North Glacier,glacier in Germany
http://www.wikidata.org/entity/Q64144240,Mount Wrangell,glacier in United States
http://www.wikidata.org/entity/Q64144201,Nunatak Fiord,glacier in United States
http://www.wikidata.org/entity/Q64144251,Mount Dall,glacier in United States
http://www.wikidata.org/entity/Q64144276,Okpilak Glacier,glacier in United States
http://www.wikidata.org/entity/Q64144510,Shangri Nup / Shar Glacier,glacier in Nepal
http://www.wikidata.org/entity/Q64144595,Razoredge Mountain,glacier in United States
http://www.wikidata.org/entity/Q64144243,Mount Drum,glacier in United States
http://www.wikidata.org/entity/Q64144212,Mount Logan,glacier in Canada
http://www.wikidata.org/entity/Q64144252,Mount Russell,glacier in United States
http://www.wikidata.org/entity/Q64144517,Parker Creek,glacier in United States
http://www.wikidata.org/entity/Q64144514,Sawtooth Peak,glacier in United States
http://www.wikidata.org/entity/Q64144515,Simmons Peak,glacier in United States
http://www.wikidata.org/entity/Q64144598,Twin Sisters Mountain,glacier in United States
http://www.wikidata.org/entity/Q64144501,Ross Island (Antarctica),glacier in Antarctica
http://www.wikidata.org/entity/Q64144588,Mount Saint Nicholas,glacier in United States
http://www.wikidata.org/entity/Q64144397,Pared Sur Glacier,glacier in Chile
http://www.wikidata.org/entity/Q64144282,Mount Michelson,glacier in United States
http://www.wikidata.org/entity/Q64144592,Mount Pinchot,glacier in United States
http://www.wikidata.org/entity/Q64144504,Pastorouri Glacier,glacier in Peru
http://www.wikidata.org/entity/Q64144506,Popocatépetl Glacier,glacier in Mexico
http://www.wikidata.org/entity/Q64144511,Rikha Samba Glacier,glacier in Nepal
http://www.wikidata.org/entity/Q64144601,Saint Mary Lake,glacier in United States
http://www.wikidata.org/entity/Q64144227,Mount Bona,glacier in United States
http://www.wikidata.org/entity/Q64144291,Nansen Glacier,glacier in Greenland
http://www.wikidata.org/entity/Q64144277,Mount Salisbury,glacier in United States
http://www.wikidata.org/entity/Q64144288,Nordenskiolds Glacier,glacier in Greenland
http://www.wikidata.org/entity/Q64144571,Rotfirn (Nord) Glacier,glacier in Switzerland
http://www.wikidata.org/entity/Q64144399,Pascua Glacier,glacier in Chile
http://www.wikidata.org/entity/Q64144393,Soler Glacier,glacier in Chile
http://www.wikidata.org/entity/Q64144273,Nenana River,glacier in United States
http://www.wikidata.org/entity/Q64144552,Silsersee,glacier in Switzerland
http://www.wikidata.org/entity/Q64144234,Mount Gerdine,glacier in United States
http://www.wikidata.org/entity/Q64144384,Pumasillu,glacier in Peru
http://www.wikidata.org/entity/Q64144385,Salcantay East Glacier,glacier in Peru
http://www.wikidata.org/entity/Q64144585,Royal Basin,glacier in United States
http://www.wikidata.org/entity/Q64144270,Mount Deborah,glacier in United States
http://www.wikidata.org/entity/Q64144513,Parlung No. 94,glacier in China
http://www.wikidata.org/entity/Q64144214,Mount Hawkins,glacier in United States
http://www.wikidata.org/entity/Q64144590,Snowking Mountain,glacier in United States
http://www.wikidata.org/entity/Q64144555,Schonbuhl Glacier,glacier in Switzerland
http://www.wikidata.org/entity/Q64144578,Sardonagletscher (Chligletscher),glacier in Switzerland
http://www.wikidata.org/entity/Q64144387,Southwall Hanging Glaciers,glacier in Indonesia
http://www.wikidata.org/entity/Q64144389,Reicher Glacier,glacier in Chile
http://www.wikidata.org/entity/Q64144528,Shokalsky Glacier,glacier in Kazakhstan
http://www.wikidata.org/entity/Q64144208,Mount Saint Elias,glacier in United States
http://www.wikidata.org/entity/Q64144215,North Fork Glacier,glacier in United States
http://www.wikidata.org/entity/Q64144225,Mount Spurr,glacier in United States
http://www.wikidata.org/entity/Q64144229,Mount Witherspoon,glacier in United States
http://www.wikidata.org/entity/Q64144265,Mount Eielson,glacier in United States
http://www.wikidata.org/entity/Q64144269,Mount Hayes,glacier in United States
http://www.wikidata.org/entity/Q64144258,Ohio Creek,glacier in United States
http://www.wikidata.org/entity/Q64144268,Nenana Glacier,glacier in United States
http://www.wikidata.org/entity/Q64144388,South Cirque Glacier,glacier in Argentina
http://www.wikidata.org/entity/Q64144580,Sonielem Lake,glacier in United States
http://www.wikidata.org/entity/Q64144244,Mount Gordon,glacier in United States
http://www.wikidata.org/entity/Q64144581,Schneeferner South Glacier,glacier in Germany
http://www.wikidata.org/entity/Q64144210,Mount Miller,glacier in United States
http://www.wikidata.org/entity/Q101245611,Beas Kund glacier,glacier in India
http://www.wikidata.org/entity/Q101245614,Chandra Glacier,glacier in India
http://www.wikidata.org/entity/Q101245619,Gora Glacier,glacier in India
http://www.wikidata.org/entity/Q101245628,Gor Gorang,glacier in India
http://www.wikidata.org/entity/Q101245636,Kazi N Glacier,glacier in India
http://www.wikidata.org/entity/Q101245629,Shaune Gorang,glacier in India
http://www.wikidata.org/entity/Q107549153,Glacier de la Vuzelle,glacier in French Alps
http://www.wikidata.org/entity/Q106464385,Q106464385,former glacier in Alpes
http://www.wikidata.org/entity/Q108660279,Ammertengletscher,
http://www.wikidata.org/entity/Q107369995,South polar ice cap,
http://www.wikidata.org/entity/Q101245627,Gara,glacier in India
http://www.wikidata.org/entity/Q101245616,Dhaka Glacier,glacier in India
http://www.wikidata.org/entity/Q101245604,Thelu Glacier,glacier in India
http://www.wikidata.org/entity/Q107549264,Glacier du Vallonnet,Glacier in France
http://www.wikidata.org/entity/Q106795676,Gozenzawa Glacier,
http://www.wikidata.org/entity/Q106520533,Larsen B Ice Shelf,ice shelf in Antarctica
http://www.wikidata.org/entity/Q107314366,Montferrat Glacier,glacier in France
http://www.wikidata.org/entity/Q106608793,Thulagi glacier,glacier in Nepal
http://www.wikidata.org/entity/Q108525322,Kuusamo-White Sea ice lobe,
http://www.wikidata.org/entity/Q108565945,Finnish Lake District ice lobe,
http://www.wikidata.org/entity/Q108749435,Middle Swedish Ice Lobe,
http://www.wikidata.org/entity/Q108770998,Norwegian Channel Ice Stream,
http://www.wikidata.org/entity/Q108776157,Kattegat Ice Stream,
http://www.wikidata.org/entity/Q108582015,Balmhorngletscher,
http://www.wikidata.org/entity/Q108736348,Rottalgletscher,
http://www.wikidata.org/entity/Q108907632,Wendengletscher,
http://www.wikidata.org/entity/Q108951957,Näsijärvi–Jyväskylä Ice Lobe,
http://www.wikidata.org/entity/Q101245631,Kangto Glacier,glacier in India
http://www.wikidata.org/entity/Q101245621,Miyar Glacier,glacier in India
http://www.wikidata.org/entity/Q101245605,Tipra Bamak,glacier in India
http://www.wikidata.org/entity/Q101245620,The Lady of Keylong,glacier in India
http://www.wikidata.org/entity/Q101245607,Uttari Nanda Devi Glacier,glacier in India
http://www.wikidata.org/entity/Q109028105,Hengsterengletscher,
http://www.wikidata.org/entity/Q109174429,Breitlouwenengletscher,
http://www.wikidata.org/entity/Q101245612,Bhaga Glacier,glacier in India
http://www.wikidata.org/entity/Q101245600,Suralaya Glacier,glacier in India
http://www.wikidata.org/entity/Q101245626,Sonapani Glacier,glacier in India
http://www.wikidata.org/entity/Q101245639,Tayseer Glacier,glacier in India
http://www.wikidata.org/entity/Q107314268,Petit Vignemale Glacier,glacier in France
http://www.wikidata.org/entity/Q101245615,Chandra Nahan Glacier,glacier in India
http://www.wikidata.org/entity/Q101245635,Chong Kmdan Glacier,glacier in India
http://www.wikidata.org/entity/Q101245634,Mazgol Glacier,glacier in India
http://www.wikidata.org/entity/Q106473131,Romanche glacier,former glacier in France
http://www.wikidata.org/entity/Q108611438,Lavaz glacier,Glacier in Switzerland
http://www.wikidata.org/entity/Q109362279,Glasgow Glacier,"glacier at the Bakutis Coast, Marie Byrd Land, Antarctica"
http://www.wikidata.org/entity/Q104875207,Floitenkees,"glacier in the Zillertal Alps in Tyrol, Austria"
http://www.wikidata.org/entity/Q104874896,Alpeiner Ferner,"glacier in the Zillertal Alps in Tyrol, Austria"
http://www.wikidata.org/entity/Q108783972,Knotenferner,"glacier in the Stubai Alps, Tyrol, Austria"
http://www.wikidata.org/entity/Q101245638,Shirwali Glacier,glacier in India
http://www.wikidata.org/entity/Q101245609,Vasuki Glacier,glacier in India
http://www.wikidata.org/entity/Q104772914,Rudolph Glacier,
http://www.wikidata.org/entity/Q107267009,Q107267009,
http://www.wikidata.org/entity/Q107548532,Q107548532,
http://www.wikidata.org/entity/Q107548964,Q107548964,
http://www.wikidata.org/entity/Q107549049,Q107549049,
http://www.wikidata.org/entity/Q107549077,Q107549077,
http://www.wikidata.org/entity/Q107549869,Q107549869,
http://www.wikidata.org/entity/Q107549968,Q107549968,
http://www.wikidata.org/entity/Q107649540,Q107649540,
http://www.wikidata.org/entity/Q108117231,Q108117231,
http://www.wikidata.org/entity/Q108732039,Q108732039,
http://www.wikidata.org/entity/Q109037366,Q109037366,
http://www.wikidata.org/entity/Q109037367,Q109037367,
http://www.wikidata.org/entity/Q109037371,Q109037371,
http://www.wikidata.org/entity/Q109037368,Q109037368,
http://www.wikidata.org/entity/Q109037369,Q109037369,
http://www.wikidata.org/entity/Q109037374,Q109037374,
http://www.wikidata.org/entity/Q109037372,Q109037372,
http://www.wikidata.org/entity/Q109037373,Q109037373,
http://www.wikidata.org/entity/Q109037378,Q109037378,
http://www.wikidata.org/entity/Q109037379,Q109037379,
http://www.wikidata.org/entity/Q109037376,Q109037376,
http://www.wikidata.org/entity/Q109037377,Q109037377,
http://www.wikidata.org/entity/Q109037383,Q109037383,
http://www.wikidata.org/entity/Q109037380,Q109037380,
http://www.wikidata.org/entity/Q109037381,Q109037381,
http://www.wikidata.org/entity/Q104246100,Vetlebreen,
http://www.wikidata.org/entity/Q105637486,Dakshini Nanda Devi Glacier,
http://www.wikidata.org/entity/Q106795685,Yamatari Glacier,
http://www.wikidata.org/entity/Q106813279,Totten Ice Shelf,
http://www.wikidata.org/entity/Q101245610,BCB Glacier (bcb land),glacier in India
http://www.wikidata.org/entity/Q101245622,Mukkila Glacier,glacier in India
http://www.wikidata.org/entity/Q101245618,North Dakka Glacier,glacier in India
http://www.wikidata.org/entity/Q101245623,Parbati and Dudhon,glacier in India
http://www.wikidata.org/entity/Q101245625,Perad Glacier,glacier in India
http://www.wikidata.org/entity/Q101245601,Sunderdhunga Glacier,glacier in India
http://www.wikidata.org/entity/Q101245630,Nagpo Tokpo,glacier in India
http://www.wikidata.org/entity/Q101245637,Nubra Glacier,glacier in India
http://www.wikidata.org/entity/Q101245606,Trisul Glacier,glacier in India
http://www.wikidata.org/entity/Q101245608,Uttari Rishi Glacier,glacier in India
http://www.wikidata.org/entity/Q109355215,Kashalayak Glacier,"glacier in the Akademiya Nauk Range, Pamir mountains, Tajikistan"
http://www.wikidata.org/entity/Q108545854,North Karelian ice lobe,
http://www.wikidata.org/entity/Q107597108,tropical glaciers,glaciers located in the tropics
http://www.wikidata.org/entity/Q105704516,Nanda Devi Glacier,glacier in India
http://www.wikidata.org/entity/Q103534328,Mariner Glacier,
http://www.wikidata.org/entity/Q108260657,Sítio das Pedras,"geosite in Madeira, Portugal"
http://www.wikidata.org/entity/Q107550477,Grand Glacier,glacier in France
http://www.wikidata.org/entity/Q104661368,Kälberspitzkees,glacier in Austria
http://www.wikidata.org/entity/Q104661420,Hochalmkees,glacier in Austria
http://www.wikidata.org/entity/Q109647737,Gutzgletscher,
http://www.wikidata.org/entity/Q109376069,Berlin Glacier,"glacier at the Bakutis Coast, Marie Byrd Land, Antarctica"
http://www.wikidata.org/entity/Q109375920,Paris Glacier,"glacier at the Bakutis Coast, Marie Byrd Land, Antarctica"
http://www.wikidata.org/entity/Q109375962,Stockholm Glacier,"glacier at the Bakutis Coast, Marie Byrd Land, Antarctica"
http://www.wikidata.org/entity/Q109376067,Kyoto Glacier,"glacier at the Bakutis Coast, Marie Byrd Land, Antarctica"
http://www.wikidata.org/entity/Q109376603,Bali Glacier,"glacier at the Bakutis Coast, Marie Byrd Land, Antarctica"
http://www.wikidata.org/entity/Q109377683,Rio Glacier,"glacier at the Hobbs Coast, Marie Byrd Land, Antarctica"
http://www.wikidata.org/entity/Q109377684,Geneva Glacier,"glacier at the Hobbs Coast, Marie Byrd Land, Antarctica"
http://www.wikidata.org/entity/Q109382304,Incheon Glacier,"glacier at the Bakutis Coast, Marie Byrd Land, Antarctica"
http://www.wikidata.org/entity/Q89481538,Bichom Glacier,glacier in India
http://www.wikidata.org/entity/Q64145354,Turquoise Lake,glacier in United States
http://www.wikidata.org/entity/Q101245586,Kirti Bamak,glacier in India
http://www.wikidata.org/entity/Q101245589,Mana Glacier,glacier in India
http://www.wikidata.org/entity/Q101245598,Seeta Glacier,glacier in India
http://www.wikidata.org/entity/Q101245602,Swachhand Glacier,glacier in India
http://www.wikidata.org/entity/Q96593857,Südliches Malhamkees,
http://www.wikidata.org/entity/Q96593879,Gubachkees,
http://www.wikidata.org/entity/Q64145265,Taku Inlet,glacier in United States
http://www.wikidata.org/entity/Q64145327,Tigertail Glacier,glacier in United States
http://www.wikidata.org/entity/Q64145357,Turquoise Glacier,glacier in United States
http://www.wikidata.org/entity/Q88893630,Punchbowl Glacier,glacier in Alaska
http://www.wikidata.org/entity/Q101245592,Paschimi Kamet Glacier,glacier in India
http://www.wikidata.org/entity/Q89482357,Hari parbat Glacier,glacier in India
http://www.wikidata.org/entity/Q64145247,Taylor River,glacier in Canada
http://www.wikidata.org/entity/Q96575198,Maurerkees,glacier in Austria
http://www.wikidata.org/entity/Q64145268,Twin Glacier Lake,glacier in United States
http://www.wikidata.org/entity/Q89037104,East Lenin glacier,glacier in Kyrgyzstan
http://www.wikidata.org/entity/Q64145235,Tulik Volcano,glacier in United States
http://www.wikidata.org/entity/Q64145367,Two Lakes,glacier in United States
http://www.wikidata.org/entity/Q101245578,Chaturangi Glacier,glacier in India
http://www.wikidata.org/entity/Q101245593,Purbi Kamet Glacier,glacier in India
http://www.wikidata.org/entity/Q101245597,Ramani Glacier,glacier in India
http://www.wikidata.org/entity/Q101245603,Swetvarn Glacier,glacier in India
http://www.wikidata.org/entity/Q64145255,Thomas Bay,glacier in United States
http://www.wikidata.org/entity/Q64145300,Teslin Lake,glacier in Canada
http://www.wikidata.org/entity/Q64145254,Trygve Lake,glacier in Canada
http://www.wikidata.org/entity/Q64145290,Taiya Inlet,glacier in United States
http://www.wikidata.org/entity/Q64145273,Twin Glacier Peak,glacier in United States
http://www.wikidata.org/entity/Q64145281,Wachusett Inlet,glacier in United States
http://www.wikidata.org/entity/Q64145361,Wedge Glacier,glacier in United States
http://www.wikidata.org/entity/Q64145245,Unuk River,glacier in United States
http://www.wikidata.org/entity/Q64145251,Teigen Creek,glacier in Canada
http://www.wikidata.org/entity/Q101244685,Arwa Glacier,glacier in India
http://www.wikidata.org/entity/Q101244705,Bagini Glacier,glacier in India
http://www.wikidata.org/entity/Q101245590,Meru Bamak,glacier in India
http://www.wikidata.org/entity/Q64145297,Trout Lake,glacier in Canada
http://www.wikidata.org/entity/Q64145253,Thutade Lake,glacier in Canada
http://www.wikidata.org/entity/Q64145287,Tarr Inlet,glacier in United States
http://www.wikidata.org/entity/Q64145229,Tanaga Island,glacier in United States
http://www.wikidata.org/entity/Q96269291,Hangender Ferner,"glacier in the Ötztal Alps in Tyrol, Austria"
http://www.wikidata.org/entity/Q64145228,Tumbling Glacier,glacier in Canada
http://www.wikidata.org/entity/Q64145211,Summit Crater,glacier in United States
http://www.wikidata.org/entity/Q64145231,Takawangha Volcano,glacier in United States
http://www.wikidata.org/entity/Q64145324,Tyndall Glacier (Alaska),glacier in United States
http://www.wikidata.org/entity/Q64145366,Terentiev Lake,glacier in United States
http://www.wikidata.org/entity/Q101244719,Bhagirathi Kharak Glacier,glacier in India
http://www.wikidata.org/entity/Q101245582,Dokriani Glacier,glacier in India
http://www.wikidata.org/entity/Q101245596,Raktavarn Glacier,glacier in India
http://www.wikidata.org/entity/Q97259747,Stígárjökull,glacier in Iceland
http://www.wikidata.org/entity/Q64145362,Unakwik Inlet,glacier in United States
http://www.wikidata.org/entity/Q100319346,Vadret da Radönt,"A glacier in Susch, Switzerland"
http://www.wikidata.org/entity/Q96600870,Q96600870,
http://www.wikidata.org/entity/Q96743249,Q96743249,
http://www.wikidata.org/entity/Q96743262,Q96743262,
http://www.wikidata.org/entity/Q96743269,Q96743269,
http://www.wikidata.org/entity/Q64145217,Vulture Peak,glacier in United States
http://www.wikidata.org/entity/Q64145333,Upnuk Lake,glacier in United States
http://www.wikidata.org/entity/Q64145346,Tsiu River,glacier in United States
http://www.wikidata.org/entity/Q64145368,Yale Glacier (Alaska),glacier in United States
http://www.wikidata.org/entity/Q96593941,Daberkees,
http://www.wikidata.org/entity/Q101245583,Ghanohim Bamak,glacier in India
http://www.wikidata.org/entity/Q101245585,Kedar Bamak Glacier,glacier in India
http://www.wikidata.org/entity/Q101245588,Maiandi Bamak,glacier in India
http://www.wikidata.org/entity/Q101245591,Panpatia Glacier,glacier in India
http://www.wikidata.org/entity/Q101245595,Raikana Glacier,glacier in India
http://www.wikidata.org/entity/Q64145209,Triple Divide Peak,glacier in United States
http://www.wikidata.org/entity/Q96575653,Nördliches Malhamkees,
http://www.wikidata.org/entity/Q96593868,Schlaitner Keesflecken,
http://www.wikidata.org/entity/Q88218135,Thajiwas glacier,
http://www.wikidata.org/entity/Q88266747,Younghusband glacier,"glacier in the K2 area, Pakistan"
http://www.wikidata.org/entity/Q64145232,Tanya Lake,glacier in Canada
http://www.wikidata.org/entity/Q64145252,Twin Glacier (British Columbia),glacier in Canada
http://www.wikidata.org/entity/Q97258586,Hrútárjökull,glacier in Iceland
http://www.wikidata.org/entity/Q64145339,Tlikakila River,glacier in United States
http://www.wikidata.org/entity/Q64145271,West Twin Glacier,glacier in United States
http://www.wikidata.org/entity/Q64145318,Vitus Lake,glacier in United States
http://www.wikidata.org/entity/Q64145319,Yakataga Glacier,glacier in United States
http://www.wikidata.org/entity/Q96600360,Welitzkees,
http://www.wikidata.org/entity/Q101245577,Changabang Glacier,glacier in India
http://www.wikidata.org/entity/Q101245581,Dakshini Rishi Glacier,glacier in India
http://www.wikidata.org/entity/Q101245584,Jaundhar Glacier,glacier in India
http://www.wikidata.org/entity/Q101245587,Lawan Glacier,glacier in India
http://www.wikidata.org/entity/Q101245599,Shalang Glacier,glacier in India
http://www.wikidata.org/entity/Q64145313,Tsaa Fiord,glacier in United States
http://www.wikidata.org/entity/Q64145331,Tuxedni Bay,glacier in United States
http://www.wikidata.org/entity/Q64145242,Mount Upshur,glacier in Canada
http://www.wikidata.org/entity/Q101245580,Dakshini Nanda Devi Glacier,glacier in India
http://www.wikidata.org/entity/Q64145303,Tutshi Lake,glacier in Canada
http://www.wikidata.org/entity/Q64145296,Surprise Lake,glacier in Canada
http://www.wikidata.org/entity/Q64145226,Turner Glacier (British Columbia),glacier in Canada
http://www.wikidata.org/entity/Q96593822,Althauskees,
http://www.wikidata.org/entity/Q64145213,Spillway Glacier,glacier in United States
http://www.wikidata.org/entity/Q64145258,Trident Volcano,glacier in United States
http://www.wikidata.org/entity/Q64145274,Mount Wilbur,glacier in United States
http://www.wikidata.org/entity/Q64145208,Thompson Creek,glacier in United States
http://www.wikidata.org/entity/Q64145360,Telaquana Lake,glacier in United States
http://www.wikidata.org/entity/Q89037107,West Lenin glacier,glacier in Kyrgyzstan
http://www.wikidata.org/entity/Q64145220,Whitecrow Lake,glacier in United States
http://www.wikidata.org/entity/Q64145234,Umnak Island,glacier in United States
